date,open,high,low,close,volume
2021/06/23,,,,,0
2021/06/24,2470.0,2475.0,2095.0,2242.5,379700
2021/06/25,2250.0,2297.5,1867.5,1887.5,419700
2021/06/28,1825.0,1945.0,1772.5,1795.0,230100
2021/06/29,1772.5,1910.0,1757.5,1842.5,148700
2021/06/30,1857.5,1912.5,1777.5,1810.0,100800
2021/07/01,1757.5,1775.0,1622.5,1642.5,121900
2021/07/02,1692.5,1892.5,1667.5,1892.5,233400
2021/07/05,1927.5,2022.5,1762.5,1765.0,371600
2021/07/06,1792.5,1900.0,1727.5,1787.5,155000
2021/07/07,1750.0,1837.5,1737.5,1767.5,57500
2021/07/08,1752.5,1772.5,1680.0,1685.0,64000
2021/07/09,1660.0,1685.0,1585.0,1685.0,61200
2021/07/12,1685.0,1717.5,1630.0,1630.0,38300
2021/07/13,1630.0,1647.5,1555.0,1577.5,57900
2021/07/14,1575.0,1627.5,1565.0,1577.5,57600
2021/07/15,1587.5,1680.0,1575.0,1592.5,59500
2021/07/16,1585.0,1747.5,1585.0,1740.0,66400
2021/07/19,1690.0,1782.5,1640.0,1680.0,50200
2021/07/20,1655.0,1685.0,1525.0,1540.0,51200
2021/07/21,1575.0,1587.5,1402.5,1422.5,62400
2021/07/26,1447.5,1480.0,1357.5,1362.5,28300
2021/07/27,1362.5,1432.5,1340.0,1407.5,37000
2021/07/28,1395.0,1405.0,1302.5,1302.5,17600
2021/07/29,1312.5,1380.0,1305.0,1350.0,24100
2021/07/30,1335.0,1350.0,1246.2,1267.5,20100
2021/08/02,1285.0,1287.5,1262.5,1267.5,7400
2021/08/03,1272.5,1327.5,1272.5,1300.0,5300
2021/08/04,1300.0,1300.0,1177.5,1183.7,19500
2021/08/05,1166.2,1208.7,1100.0,1107.5,29500
2021/08/06,1090.0,1100.0,1063.7,1068.7,15300
2021/08/10,1075.0,1170.0,1058.7,1155.0,13900
2021/08/11,1183.7,1232.5,1160.0,1160.0,12900
2021/08/12,1195.0,1210.0,1130.0,1131.2,11400
2021/08/13,962.5,975.0,956.2,956.2,40800
2021/08/16,921.2,928.7,873.7,913.7,36100
2021/08/17,925.0,937.5,873.7,873.7,11800
2021/08/18,877.5,965.0,843.7,957.5,21600
2021/08/19,925.0,943.7,907.5,915.0,11000
2021/08/20,915.0,932.5,840.0,862.5,12300
2021/08/23,876.2,920.0,876.2,883.7,3600
2021/08/24,885.0,900.0,866.2,866.2,5400
2021/08/25,870.0,890.0,855.0,868.7,3700
2021/08/26,870.0,982.5,870.0,955.0,16200
2021/08/27,928.7,950.0,908.7,937.5,8700
2021/08/30,955.0,1112.5,955.0,1112.5,54100
2021/08/31,1067.5,1220.0,1053.7,1167.5,66000
2021/09/01,1202.5,1270.0,1177.5,1177.5,60200
2021/09/02,1177.5,1177.5,1110.0,1137.5,14400
2021/09/03,1155.0,1197.5,1086.2,1103.7,21000
2021/09/06,1100.0,1121.2,1068.7,1100.0,9200
2021/09/07,1102.5,1132.5,1048.7,1057.5,13100
2021/09/08,1058.7,1118.7,1058.7,1090.0,4900
2021/09/09,1090.0,1198.7,1085.0,1198.7,10700
2021/09/10,1210.0,1210.0,1166.2,1185.0,8000
2021/09/13,1185.0,1185.0,1152.5,1158.7,2600
2021/09/14,1155.0,1158.7,1113.7,1127.5,5300
2021/09/15,1162.5,1162.5,1090.0,1090.0,6300
2021/09/16,1107.5,1107.5,995.0,1038.7,20500
2021/09/17,1023.7,1073.7,1022.5,1072.5,4100
2021/09/21,1020.0,1072.5,1005.0,1037.5,13800
2021/09/22,1037.5,1037.5,992.5,1000.0,5300
2021/09/24,1035.0,1037.5,1005.0,1025.0,4900
2021/09/27,1025.0,1040.0,1000.0,1011.2,4800
2021/09/28,1005.0,1005.0,955.0,991.2,10600
2021/09/29,978.7,1021.2,978.7,1000.0,3900
2021/09/30,1007.5,1022.5,995.0,1005.0,2500
2021/10/01,1002.5,1010.0,975.0,1000.0,1900
2021/10/04,1017.5,1017.5,958.7,982.5,3600
2021/10/05,971.2,980.0,950.0,955.0,4000
2021/10/06,990.0,990.0,951.2,951.2,1100
2021/10/07,951.2,982.5,948.7,953.7,2000
2021/10/08,987.5,987.5,966.2,966.2,700
2021/10/11,965.0,992.5,962.5,968.7,3300
2021/10/12,971.2,978.7,971.2,975.0,400
2021/10/13,992.5,992.5,975.0,975.0,2100
2021/10/14,992.5,992.5,953.7,956.2,1400
2021/10/15,956.2,983.7,955.0,983.7,2900
2021/10/18,983.7,1002.5,983.7,1000.0,800
2021/10/19,1012.5,1015.0,1008.7,1010.0,1100
2021/10/20,1027.5,1038.7,1015.0,1028.7,2200
2021/10/21,1016.2,1021.2,1000.0,1006.2,1600
2021/10/22,1027.5,1027.5,1013.7,1013.7,300
2021/10/25,1028.7,1028.7,987.5,998.7,1400
2021/10/26,998.7,1000.0,985.0,985.0,900
2021/10/27,1002.5,1002.5,950.0,952.5,3800
2021/10/28,952.5,957.5,951.2,953.7,600
2021/10/29,953.7,953.7,926.2,953.7,3700
2021/11/01,943.7,970.0,943.7,970.0,1100
2021/11/02,970.0,975.0,967.5,975.0,1000
2021/11/04,987.5,1018.7,987.5,1015.0,2200
2021/11/05,1017.5,1026.2,982.5,1012.5,5800
2021/11/08,987.5,991.2,987.5,987.5,1300
2021/11/09,971.2,987.5,956.2,981.2,2200
2021/11/10,991.2,991.2,963.7,963.7,1400
2021/11/11,963.7,973.7,938.7,938.7,2200
2021/11/12,906.2,1021.2,895.0,998.7,6400
2021/11/15,928.7,1006.2,906.2,1006.2,8200
2021/11/16,987.5,1031.2,987.5,1012.5,4800
2021/11/17,1012.5,1012.5,993.7,1005.0,1400
2021/11/18,987.5,1000.0,951.2,976.2,2300
2021/11/19,976.2,1015.0,976.2,1005.0,3900
2021/11/22,1005.0,1008.7,985.0,1005.0,2100
2021/11/24,1008.7,1020.0,986.2,1010.0,2300
2021/11/25,1007.5,1121.2,1007.5,1050.0,20200
2021/11/26,1075.0,1092.5,1000.0,1005.0,5600
2021/11/29,970.0,1000.0,952.5,973.7,5000
2021/11/30,962.5,963.7,946.2,946.2,4000
2021/12/01,933.7,961.2,933.7,960.0,3100
2021/12/02,937.5,960.0,927.5,952.5,3900
2021/12/03,935.0,982.5,903.7,960.0,4000
2021/12/06,950.0,950.0,942.5,942.5,700
2021/12/07,925.0,973.7,877.5,973.7,5200
2021/12/08,972.5,972.5,962.5,962.5,200
2021/12/09,945.0,962.5,937.5,955.0,1500
2021/12/10,968.7,968.7,940.0,940.0,1400
2021/12/13,927.5,933.7,906.2,931.2,3300
2021/12/14,911.2,911.2,845.0,900.0,6000
2021/12/15,882.5,915.0,872.5,912.5,4100
2021/12/16,955.0,975.0,906.2,906.2,4800
2021/12/17,888.7,918.7,888.7,912.5,2100
2021/12/20,895.0,947.5,895.0,940.0,1200
2021/12/21,957.5,957.5,913.7,930.0,2300
2021/12/22,925.0,937.5,925.0,933.7,2100
2021/12/23,887.5,913.7,887.5,900.0,8400
2021/12/24,907.5,907.5,875.0,887.5,5700
2021/12/27,878.7,887.5,865.0,873.7,3800
2021/12/28,872.5,872.5,847.5,861.2,7100
2021/12/29,857.5,875.0,850.0,862.5,2600
2021/12/30,862.5,862.5,850.0,850.0,4100
2022/01/04,842.5,848.7,812.5,825.0,7500
2022/01/05,822.5,822.5,768.7,787.5,8700
2022/01/06,757.5,767.5,738.7,767.5,6100
2022/01/07,752.5,766.2,725.7,766.2,5900
2022/01/11,748.7,760.0,739.0,757.5,2700
2022/01/12,757.5,761.2,745.0,757.5,1900
2022/01/13,755.0,770.0,755.0,770.0,700
2022/01/14,753.7,753.7,733.2,748.7,2900
2022/01/17,742.5,748.2,737.5,745.0,3200
2022/01/18,750.0,767.5,742.7,756.2,1700
2022/01/19,739.2,744.7,712.7,712.7,2500
2022/01/20,712.5,737.5,705.2,737.5,700
2022/01/21,,,,,0
2022/01/24,737.5,750.0,732.5,740.0,400
2022/01/25,727.5,728.0,699.2,728.0,1600
2022/01/26,725.0,745.0,725.0,745.0,600
2022/01/27,757.5,757.5,725.5,736.7,500
2022/01/28,724.2,724.2,713.0,720.0,400
2022/01/31,727.0,727.0,671.2,689.0,6900
2022/02/01,689.0,690.2,672.5,675.0,3500
2022/02/02,682.5,682.5,671.2,677.5,1100
2022/02/03,667.0,685.0,659.5,672.5,2000
2022/02/04,650.2,670.0,645.0,670.0,3400
2022/02/07,650.0,662.5,650.0,650.0,1000
2022/02/08,650.0,650.0,625.0,650.0,4500
2022/02/09,645.5,645.5,615.5,640.0,4900
2022/02/10,627.5,627.5,590.2,595.0,15400
2022/02/14,595.0,595.0,562.5,565.5,27700
2022/02/15,573.5,573.5,541.7,541.7,11400
2022/02/16,543.7,562.5,530.0,537.7,8200
2022/02/17,550.0,551.2,531.2,531.7,9400
2022/02/18,522.2,537.0,518.5,531.7,6200
2022/02/21,527.5,527.5,500.0,512.5,4500
2022/02/22,502.5,512.5,494.5,503.7,7900
2022/02/24,496.0,507.5,489.5,500.0,8200
2022/02/25,500.0,512.5,499.2,505.5,5200
2022/02/28,512.2,524.2,507.5,518.5,3700
2022/03/01,518.5,564.5,517.5,564.5,10500
2022/03/02,555.5,580.5,542.5,557.7,5900
2022/03/03,562.5,569.7,558.0,564.5,2200
2022/03/04,568.5,568.5,543.7,565.0,1500
2022/03/07,552.5,552.5,525.0,536.0,3200
2022/03/08,517.5,524.7,507.5,523.5,3400
2022/03/09,511.0,525.0,504.5,504.5,900
2022/03/10,516.5,533.2,516.5,533.2,700
2022/03/11,520.0,530.2,507.7,518.7,1700
2022/03/14,506.2,525.0,495.0,525.0,4800
2022/03/15,587.2,641.2,587.2,621.7,40300
2022/03/16,634.2,637.0,617.7,622.2,10300
2022/03/17,625.0,626.2,607.5,626.2,4400
2022/03/18,634.7,634.7,620.2,631.2,1200
2022/03/22,637.2,637.2,625.5,625.5,2500
2022/03/23,622.5,626.0,607.5,620.0,6600
2022/03/24,620.0,657.5,620.0,657.5,4600
2022/03/25,675.0,712.5,675.0,700.2,7700
2022/03/28,699.7,702.5,669.7,669.7,7900
2022/03/29,664.5,687.5,662.7,675.0,3700
2022/03/30,690.0,695.0,652.0,685.0,7800
2022/03/31,670.0,683.0,660.0,683.0,3200
2022/04/01,653.0,665.0,636.0,647.0,10600
2022/04/04,667.0,688.0,650.0,686.0,4000
2022/04/05,686.0,686.0,650.0,652.0,12600
2022/04/06,651.0,651.0,629.0,639.0,4700
2022/04/07,629.0,638.0,627.0,630.0,3300
2022/04/08,624.0,635.0,624.0,631.0,5000
2022/04/11,631.0,636.0,628.0,636.0,4800
2022/04/12,638.0,736.0,634.0,675.0,269400
2022/04/13,668.0,685.0,625.0,633.0,50400
2022/04/14,625.0,641.0,619.0,625.0,18300
2022/04/15,615.0,620.0,602.0,607.0,17800
2022/04/18,608.0,614.0,592.0,595.0,4100
2022/04/19,601.0,601.0,575.0,595.0,6000
2022/04/20,615.0,615.0,599.0,607.0,2200
2022/04/21,597.0,612.0,580.0,586.0,5400
2022/04/22,576.0,598.0,576.0,593.0,4900
2022/04/25,593.0,607.0,568.0,595.0,1500
2022/04/26,591.0,591.0,575.0,578.0,2000
2022/04/27,557.0,569.0,543.0,555.0,4300
2022/04/28,546.0,568.0,546.0,559.0,3100
2022/05/02,549.0,567.0,549.0,562.0,4500
2022/05/06,557.0,557.0,525.0,535.0,12800
2022/05/09,535.0,536.0,522.0,532.0,5000
2022/05/10,519.0,533.0,498.0,524.0,19200
2022/05/11,534.0,542.0,513.0,542.0,2100
2022/05/12,562.0,562.0,542.0,545.0,1300
2022/05/13,545.0,566.0,533.0,566.0,8800
2022/05/16,563.0,570.0,545.0,558.0,19600
2022/05/17,538.0,565.0,538.0,565.0,16000
2022/05/18,564.0,568.0,554.0,565.0,16100
2022/05/19,555.0,590.0,554.0,570.0,17900
2022/05/20,570.0,629.0,569.0,622.0,22300
2022/05/23,621.0,719.0,621.0,646.0,61100
2022/05/24,630.0,642.0,624.0,624.0,11300
2022/05/25,625.0,629.0,604.0,628.0,5400
2022/05/26,626.0,644.0,620.0,636.0,4600
2022/05/27,641.0,641.0,625.0,633.0,4300
2022/05/30,635.0,644.0,619.0,632.0,5400
2022/05/31,627.0,638.0,620.0,632.0,7600
2022/06/01,630.0,640.0,625.0,626.0,4400
2022/06/02,631.0,631.0,617.0,630.0,4900
2022/06/03,623.0,629.0,623.0,629.0,1300
2022/06/06,629.0,634.0,612.0,633.0,6600
2022/06/07,625.0,635.0,618.0,626.0,7200
2022/06/08,620.0,628.0,615.0,628.0,900
2022/06/09,626.0,630.0,605.0,630.0,5400
2022/06/10,630.0,636.0,627.0,636.0,2800
2022/06/13,636.0,636.0,617.0,617.0,1800
2022/06/14,608.0,630.0,604.0,630.0,1200
2022/06/15,630.0,630.0,610.0,620.0,700
2022/06/16,619.0,619.0,604.0,604.0,600
2022/06/17,614.0,614.0,600.0,605.0,3400
2022/06/20,603.0,605.0,597.0,605.0,2700
2022/06/21,615.0,615.0,608.0,608.0,300
2022/06/22,610.0,610.0,605.0,606.0,300
2022/06/23,606.0,606.0,591.0,600.0,2700
2022/06/24,595.0,610.0,592.0,600.0,8700
2022/06/27,600.0,610.0,591.0,599.0,2200
2022/06/28,591.0,599.0,579.0,599.0,2000
2022/06/29,590.0,595.0,575.0,580.0,1900
2022/06/30,580.0,597.0,545.0,587.0,5500
2022/07/01,607.0,607.0,580.0,600.0,1200
2022/07/04,590.0,600.0,587.0,587.0,1000
2022/07/05,577.0,589.0,570.0,576.0,12600
2022/07/06,577.0,581.0,571.0,580.0,3200
2022/07/07,599.0,599.0,588.0,599.0,600
2022/07/08,596.0,600.0,585.0,585.0,2600
2022/07/11,583.0,594.0,583.0,587.0,1800
2022/07/12,,,,,0
2022/07/13,580.0,580.0,565.0,566.0,1400
2022/07/14,585.0,589.0,585.0,589.0,200
2022/07/15,585.0,588.0,576.0,576.0,700
2022/07/19,575.0,585.0,555.0,560.0,4500
2022/07/20,560.0,564.0,554.0,561.0,3000
2022/07/21,555.0,561.0,555.0,560.0,1800
2022/07/22,560.0,560.0,549.0,559.0,1400
2022/07/25,560.0,569.0,560.0,569.0,1200
2022/07/26,569.0,569.0,568.0,568.0,1100
2022/07/27,568.0,580.0,560.0,580.0,2700
2022/07/28,580.0,587.0,580.0,585.0,800
2022/07/29,588.0,588.0,572.0,584.0,700
2022/08/01,584.0,584.0,581.0,583.0,500
2022/08/02,583.0,583.0,579.0,579.0,300
2022/08/03,562.0,572.0,552.0,564.0,2700
2022/08/04,564.0,564.0,557.0,560.0,1000
2022/08/05,541.0,553.0,535.0,553.0,7100
2022/08/08,553.0,558.0,553.0,555.0,700
2022/08/09,564.0,564.0,564.0,564.0,100
2022/08/10,544.0,549.0,544.0,548.0,600
2022/08/12,556.0,556.0,535.0,543.0,3600
2022/08/15,543.0,554.0,539.0,539.0,3500
2022/08/16,546.0,546.0,537.0,546.0,2400
2022/08/17,552.0,552.0,544.0,544.0,3100
2022/08/18,544.0,552.0,544.0,548.0,2800
2022/08/19,550.0,550.0,544.0,550.0,2500
2022/08/22,550.0,550.0,528.0,528.0,1500
2022/08/23,521.0,593.0,521.0,555.0,14000
2022/08/24,595.0,595.0,523.0,523.0,20000
2022/08/25,533.0,571.0,533.0,560.0,4700
2022/08/26,556.0,557.0,550.0,551.0,4000
2022/08/29,550.0,580.0,545.0,560.0,5100
2022/08/30,558.0,583.0,557.0,583.0,4200
2022/08/31,590.0,590.0,572.0,572.0,2700
2022/09/01,573.0,573.0,566.0,567.0,600
2022/09/02,566.0,576.0,544.0,544.0,3100
2022/09/05,538.0,538.0,526.0,532.0,1700
2022/09/06,562.0,564.0,542.0,555.0,2200
2022/09/07,535.0,557.0,535.0,555.0,1600
2022/09/08,551.0,551.0,535.0,543.0,1400
2022/09/09,545.0,545.0,533.0,533.0,3900
2022/09/12,528.0,531.0,527.0,527.0,2100
2022/09/13,527.0,534.0,524.0,524.0,2500
2022/09/14,522.0,522.0,514.0,515.0,2100
2022/09/15,515.0,516.0,506.0,509.0,4900
2022/09/16,504.0,510.0,500.0,510.0,4100
2022/09/20,528.0,528.0,496.0,504.0,3300
2022/09/21,509.0,509.0,509.0,509.0,100
2022/09/22,499.0,518.0,499.0,518.0,3600
2022/09/26,502.0,511.0,500.0,511.0,800
2022/09/27,508.0,511.0,491.0,510.0,3300
2022/09/28,500.0,508.0,490.0,498.0,1900
2022/09/29,482.0,500.0,482.0,496.0,1500
2022/09/30,496.0,508.0,496.0,507.0,300
2022/10/03,500.0,500.0,476.0,498.0,2400
2022/10/04,493.0,498.0,490.0,497.0,600
2022/10/05,489.0,499.0,473.0,499.0,10000
2022/10/06,499.0,499.0,483.0,497.0,1200
2022/10/07,488.0,488.0,488.0,488.0,100
2022/10/11,488.0,488.0,480.0,485.0,900
2022/10/12,477.0,485.0,476.0,476.0,3300
2022/10/13,484.0,484.0,484.0,484.0,500
2022/10/14,484.0,485.0,466.0,480.0,1100
2022/10/17,480.0,480.0,480.0,480.0,100
2022/10/18,480.0,480.0,480.0,480.0,1400
2022/10/19,488.0,488.0,470.0,483.0,1900
2022/10/20,486.0,486.0,481.0,481.0,300
2022/10/21,488.0,488.0,488.0,488.0,600
2022/10/24,493.0,493.0,483.0,483.0,1200
2022/10/25,475.0,483.0,470.0,483.0,2600
2022/10/26,483.0,489.0,480.0,488.0,2400
2022/10/27,490.0,490.0,489.0,489.0,300
2022/10/28,490.0,491.0,487.0,491.0,3100
2022/10/31,491.0,491.0,490.0,490.0,300
2022/11/01,,,,,0
2022/11/02,,,,,0
2022/11/04,474.0,474.0,468.0,468.0,1200
2022/11/07,476.0,518.0,468.0,517.0,42900
2022/11/08,507.0,514.0,486.0,503.0,7600
2022/11/09,503.0,503.0,477.0,490.0,3300
2022/11/10,482.0,482.0,477.0,477.0,200
2022/11/11,475.0,483.0,475.0,483.0,1000
2022/11/14,491.0,506.0,490.0,504.0,8800
2022/11/15,503.0,503.0,495.0,501.0,3900
2022/11/16,501.0,505.0,499.0,500.0,2200
2022/11/17,500.0,500.0,500.0,500.0,300
2022/11/18,500.0,500.0,499.0,499.0,900
2022/11/21,491.0,492.0,491.0,492.0,1700
2022/11/22,488.0,500.0,488.0,498.0,3700
2022/11/24,498.0,498.0,490.0,491.0,700
2022/11/25,500.0,502.0,500.0,500.0,4600
2022/11/28,499.0,499.0,491.0,491.0,2300
2022/11/29,497.0,497.0,497.0,497.0,200
2022/11/30,496.0,496.0,490.0,490.0,2500
2022/12/01,497.0,504.0,497.0,500.0,4500
2022/12/02,500.0,500.0,492.0,492.0,600
2022/12/05,492.0,498.0,492.0,493.0,2500
2022/12/06,492.0,493.0,489.0,489.0,2100
2022/12/07,485.0,569.0,485.0,569.0,211300
2022/12/08,649.0,669.0,618.0,669.0,529600
2022/12/09,735.0,735.0,597.0,611.0,1497400
2022/12/12,601.0,605.0,563.0,580.0,205200
2022/12/13,597.0,625.0,565.0,579.0,273400
2022/12/14,589.0,589.0,545.0,562.0,60400
2022/12/15,554.0,554.0,527.0,532.0,43100
2022/12/16,536.0,536.0,518.0,526.0,24100
2022/12/19,507.0,510.0,489.0,491.0,51900
2022/12/20,491.0,497.0,470.0,476.0,69000
2022/12/21,480.0,485.0,465.0,474.0,15600
2022/12/22,482.0,495.0,478.0,482.0,21400
2022/12/23,476.0,480.0,470.0,471.0,7300
2022/12/26,473.0,473.0,459.0,465.0,9700
2022/12/27,465.0,477.0,459.0,467.0,8600
2022/12/28,465.0,469.0,460.0,461.0,10900
2022/12/29,460.0,466.0,456.0,462.0,4000
2022/12/30,460.0,479.0,459.0,479.0,11300
2023/01/04,479.0,490.0,479.0,485.0,8900
2023/01/05,485.0,492.0,484.0,484.0,7700
2023/01/06,478.0,480.0,472.0,472.0,6200
2023/01/10,472.0,481.0,472.0,476.0,2200
2023/01/11,476.0,483.0,476.0,478.0,2000
2023/01/12,486.0,486.0,473.0,485.0,6300
2023/01/13,480.0,494.0,480.0,494.0,1800
2023/01/16,486.0,486.0,472.0,483.0,6800
2023/01/17,483.0,483.0,472.0,472.0,5800
2023/01/18,472.0,473.0,466.0,469.0,5200
2023/01/19,467.0,471.0,466.0,470.0,2900
2023/01/20,467.0,481.0,467.0,473.0,900
2023/01/23,465.0,481.0,464.0,481.0,7300
2023/01/24,482.0,482.0,478.0,478.0,1900
2023/01/25,476.0,483.0,476.0,483.0,900
2023/01/26,489.0,489.0,485.0,485.0,500
2023/01/27,485.0,486.0,485.0,486.0,800
2023/01/30,484.0,484.0,468.0,480.0,5000
2023/01/31,472.0,476.0,466.0,473.0,2700
2023/02/01,468.0,484.0,468.0,471.0,3900
2023/02/02,468.0,470.0,468.0,470.0,500
2023/02/03,471.0,472.0,467.0,470.0,3500
2023/02/06,470.0,473.0,469.0,470.0,1200
2023/02/07,474.0,474.0,469.0,469.0,700
2023/02/08,469.0,477.0,460.0,477.0,8600
2023/02/09,475.0,480.0,470.0,480.0,3900
2023/02/10,468.0,475.0,468.0,468.0,5800
2023/02/13,465.0,480.0,465.0,474.0,8000
2023/02/14,474.0,484.0,474.0,480.0,2800
2023/02/15,475.0,478.0,472.0,478.0,3200
2023/02/16,480.0,480.0,472.0,472.0,5100
2023/02/17,473.0,473.0,472.0,473.0,2400
2023/02/20,473.0,490.0,473.0,478.0,14100
2023/02/21,479.0,479.0,474.0,474.0,1700
2023/02/22,474.0,482.0,473.0,482.0,3100
2023/02/24,479.0,480.0,469.0,479.0,7900
2023/02/27,479.0,480.0,475.0,475.0,1900
2023/02/28,481.0,488.0,475.0,488.0,5700
2023/03/01,480.0,484.0,478.0,478.0,2000
2023/03/02,478.0,483.0,478.0,483.0,1300
2023/03/03,486.0,486.0,481.0,484.0,500
2023/03/06,484.0,484.0,470.0,475.0,15600
2023/03/07,476.0,480.0,469.0,474.0,12200
2023/03/08,481.0,554.0,481.0,554.0,190500
2023/03/09,525.0,537.0,510.0,514.0,100600
2023/03/10,519.0,519.0,487.0,487.0,37700
2023/03/13,480.0,510.0,480.0,505.0,27400
2023/03/14,505.0,505.0,469.0,486.0,34900
2023/03/15,491.0,491.0,470.0,471.0,11200
2023/03/16,469.0,476.0,463.0,471.0,20800
2023/03/17,476.0,484.0,470.0,484.0,4900
2023/03/20,477.0,477.0,473.0,473.0,1700
2023/03/22,481.0,482.0,472.0,482.0,4500
2023/03/23,476.0,483.0,475.0,482.0,3500
2023/03/24,476.0,483.0,475.0,478.0,2900
2023/03/27,483.0,483.0,468.0,470.0,30700
2023/03/28,470.0,471.0,470.0,470.0,1000
2023/03/29,470.0,473.0,461.0,472.0,1600
2023/03/30,468.0,470.0,463.0,463.0,1900
2023/03/31,474.0,481.0,472.0,478.0,10200
2023/04/03,471.0,478.0,468.0,472.0,3400
2023/04/04,477.0,477.0,471.0,476.0,2600
2023/04/05,475.0,475.0,470.0,475.0,1800
2023/04/06,476.0,476.0,469.0,471.0,3000
2023/04/07,470.0,470.0,470.0,470.0,100
2023/04/10,474.0,476.0,471.0,474.0,1400
2023/04/11,472.0,472.0,467.0,472.0,3100
2023/04/12,472.0,472.0,470.0,470.0,300
2023/04/13,470.0,472.0,469.0,470.0,2600
2023/04/14,471.0,471.0,470.0,470.0,1400
2023/04/17,470.0,481.0,470.0,473.0,7500
2023/04/18,473.0,474.0,470.0,472.0,2500
2023/04/19,479.0,479.0,469.0,469.0,2500
2023/04/20,,,,,0
2023/04/21,471.0,472.0,470.0,470.0,1000
2023/04/24,470.0,470.0,469.0,469.0,1500
2023/04/25,469.0,479.0,467.0,470.0,33600
2023/04/26,470.0,470.0,459.0,462.0,22100
2023/04/27,460.0,469.0,458.0,469.0,3600
2023/04/28,469.0,469.0,461.0,461.0,1200
2023/05/01,466.0,466.0,459.0,461.0,6000
2023/05/02,461.0,461.0,458.0,458.0,2600
2023/05/08,459.0,465.0,459.0,465.0,1300
2023/05/09,462.0,465.0,462.0,465.0,200
2023/05/10,461.0,465.0,458.0,465.0,2000
2023/05/11,465.0,465.0,465.0,465.0,1800
2023/05/12,465.0,470.0,461.0,470.0,2200
2023/05/15,450.0,452.0,390.0,434.0,71500
2023/05/16,435.0,435.0,413.0,413.0,4400
2023/05/17,414.0,418.0,413.0,415.0,3400
2023/05/18,415.0,416.0,414.0,416.0,11600
2023/05/19,420.0,424.0,412.0,424.0,10600
2023/05/22,429.0,429.0,424.0,428.0,3300
2023/05/23,430.0,430.0,418.0,427.0,8000
2023/05/24,426.0,426.0,415.0,425.0,5000
2023/05/25,425.0,426.0,419.0,424.0,4300
2023/05/26,426.0,429.0,426.0,429.0,5500
2023/05/29,429.0,439.0,429.0,439.0,9700
2023/05/30,439.0,447.0,430.0,430.0,7100
2023/05/31,428.0,428.0,403.0,414.0,4900
2023/06/01,420.0,422.0,416.0,421.0,13600
2023/06/02,412.0,419.0,411.0,413.0,10300
2023/06/05,413.0,423.0,413.0,421.0,4500
2023/06/06,425.0,426.0,424.0,424.0,2400
2023/06/07,424.0,424.0,411.0,420.0,4300
2023/06/08,412.0,419.0,408.0,413.0,13200
2023/06/09,414.0,424.0,414.0,423.0,1200
2023/06/12,428.0,435.0,428.0,430.0,1800
2023/06/13,422.0,472.0,422.0,439.0,53100
2023/06/14,439.0,439.0,429.0,429.0,4300
2023/06/15,428.0,428.0,419.0,427.0,4300
2023/06/16,432.0,438.0,429.0,438.0,1600
2023/06/19,438.0,455.0,438.0,449.0,5900
2023/06/20,433.0,442.0,433.0,442.0,2300
2023/06/21,447.0,451.0,440.0,451.0,2200
2023/06/22,443.0,454.0,443.0,449.0,2200
2023/06/23,450.0,529.0,433.0,529.0,605100
2023/06/26,499.0,503.0,442.0,458.0,504500
2023/06/27,450.0,455.0,428.0,434.0,80800
2023/06/28,428.0,442.0,415.0,419.0,51900
2023/06/29,428.0,441.0,413.0,415.0,31100
2023/06/30,420.0,434.0,420.0,428.0,13800
2023/07/03,420.0,430.0,420.0,422.0,9600
2023/07/04,422.0,437.0,422.0,430.0,8800
2023/07/05,427.0,441.0,427.0,441.0,7700
2023/07/06,433.0,441.0,420.0,437.0,19700
2023/07/07,429.0,432.0,424.0,426.0,1700
2023/07/10,436.0,442.0,431.0,433.0,5600
2023/07/11,434.0,445.0,431.0,433.0,6900
2023/07/12,434.0,434.0,425.0,425.0,4300
2023/07/13,425.0,434.0,425.0,434.0,1300
2023/07/14,423.0,439.0,423.0,430.0,2000
2023/07/18,432.0,438.0,429.0,429.0,2100
2023/07/19,437.0,440.0,429.0,433.0,4000
2023/07/20,433.0,434.0,431.0,434.0,2100
2023/07/21,434.0,445.0,431.0,434.0,3600
2023/07/24,433.0,434.0,425.0,428.0,4800
2023/07/25,436.0,443.0,426.0,434.0,4600
2023/07/26,441.0,444.0,434.0,440.0,3900
2023/07/27,433.0,441.0,433.0,440.0,1300
2023/07/28,437.0,437.0,430.0,435.0,2000
2023/07/31,443.0,444.0,435.0,444.0,5900
2023/08/01,439.0,459.0,439.0,458.0,14700
2023/08/02,458.0,463.0,457.0,460.0,5100
2023/08/03,460.0,460.0,454.0,456.0,2000
2023/08/04,456.0,462.0,452.0,462.0,2000
2023/08/07,460.0,470.0,454.0,464.0,5300
2023/08/08,467.0,467.0,457.0,457.0,1200
2023/08/09,457.0,476.0,457.0,473.0,13900
2023/08/10,472.0,472.0,445.0,457.0,14500
2023/08/14,461.0,461.0,442.0,461.0,3600
2023/08/15,430.0,430.0,424.0,428.0,4200
2023/08/16,430.0,450.0,429.0,450.0,14600
2023/08/17,434.0,449.0,430.0,442.0,100300
2023/08/18,442.0,446.0,435.0,446.0,1600
2023/08/21,440.0,455.0,440.0,455.0,1800
2023/08/22,455.0,455.0,438.0,447.0,4000
2023/08/23,445.0,445.0,430.0,443.0,11300
2023/08/24,439.0,442.0,429.0,440.0,4200
2023/08/25,432.0,437.0,432.0,437.0,200
2023/08/28,429.0,436.0,429.0,436.0,1300
2023/08/29,435.0,441.0,435.0,437.0,34100
2023/08/30,438.0,445.0,435.0,435.0,1900
2023/08/31,443.0,515.0,437.0,460.0,385500
2023/09/01,472.0,477.0,445.0,461.0,81300
2023/09/04,476.0,490.0,461.0,461.0,101400
2023/09/05,459.0,467.0,442.0,444.0,25900
2023/09/06,448.0,449.0,439.0,447.0,10400
2023/09/07,448.0,448.0,434.0,434.0,18300
2023/09/08,434.0,439.0,429.0,435.0,16800
2023/09/11,435.0,446.0,432.0,438.0,11300
2023/09/12,437.0,469.0,433.0,456.0,30300
2023/09/13,457.0,458.0,440.0,446.0,17700
2023/09/14,446.0,450.0,445.0,450.0,2000
2023/09/15,454.0,454.0,446.0,453.0,4300
2023/09/19,454.0,467.0,452.0,456.0,8200
2023/09/20,457.0,463.0,450.0,457.0,8500
2023/09/21,457.0,470.0,451.0,464.0,10100
2023/09/22,457.0,461.0,449.0,459.0,10500
2023/09/25,460.0,467.0,460.0,467.0,4200
2023/09/26,468.0,468.0,459.0,459.0,1500
2023/09/27,464.0,464.0,455.0,461.0,4400
2023/09/28,460.0,460.0,441.0,456.0,3100
2023/09/29,451.0,470.0,451.0,460.0,4200
2023/10/02,460.0,460.0,457.0,457.0,600
2023/10/03,454.0,454.0,446.0,446.0,3800
2023/10/04,445.0,451.0,434.0,446.0,7700
2023/10/05,447.0,453.0,436.0,453.0,4900
2023/10/06,441.0,453.0,441.0,453.0,2100
2023/10/10,456.0,457.0,447.0,452.0,2000
2023/10/11,447.0,455.0,445.0,447.0,1400
2023/10/12,444.0,446.0,432.0,444.0,8500
2023/10/13,439.0,440.0,434.0,434.0,2200
2023/10/16,433.0,437.0,432.0,437.0,1700
2023/10/17,443.0,443.0,433.0,437.0,1200
2023/10/18,448.0,449.0,443.0,443.0,1000
2023/10/19,435.0,437.0,430.0,437.0,3200
2023/10/20,431.0,435.0,429.0,435.0,1200
2023/10/23,432.0,432.0,425.0,425.0,3600
2023/10/24,426.0,430.0,418.0,430.0,8600
2023/10/25,431.0,431.0,425.0,429.0,3000
2023/10/26,424.0,426.0,419.0,421.0,2700
2023/10/27,425.0,426.0,414.0,426.0,8000
2023/10/30,422.0,428.0,422.0,428.0,4100
2023/10/31,428.0,428.0,426.0,426.0,200
2023/11/01,434.0,434.0,422.0,422.0,1100
2023/11/02,430.0,433.0,425.0,433.0,2100
2023/11/06,430.0,434.0,429.0,429.0,7900
2023/11/07,439.0,439.0,427.0,432.0,6000
2023/11/08,436.0,438.0,427.0,436.0,1700
2023/11/09,436.0,436.0,434.0,434.0,900
2023/11/10,435.0,435.0,429.0,431.0,2000
2023/11/13,431.0,436.0,426.0,431.0,7500
2023/11/14,423.0,434.0,421.0,434.0,4800
2023/11/15,435.0,437.0,425.0,427.0,9100
2023/11/16,418.0,427.0,413.0,420.0,12800
2023/11/17,420.0,420.0,413.0,416.0,3400
2023/11/20,416.0,423.0,412.0,412.0,12600
2023/11/21,412.0,421.0,401.0,412.0,11800
2023/11/22,409.0,415.0,404.0,410.0,4300
2023/11/24,412.0,412.0,410.0,412.0,1100
2023/11/27,411.0,419.0,411.0,411.0,3800
2023/11/28,412.0,412.0,409.0,409.0,7800
2023/11/29,412.0,417.0,411.0,413.0,6100
2023/11/30,413.0,416.0,404.0,407.0,4200
2023/12/01,410.0,410.0,400.0,404.0,11200
2023/12/04,404.0,404.0,400.0,400.0,6600
2023/12/05,405.0,406.0,400.0,404.0,4800
2023/12/06,404.0,409.0,404.0,408.0,13200
2023/12/07,409.0,420.0,408.0,414.0,4100
2023/12/08,412.0,412.0,406.0,412.0,3400
2023/12/11,412.0,428.0,400.0,426.0,26500
2023/12/12,426.0,426.0,416.0,422.0,7300
2023/12/13,421.0,421.0,410.0,415.0,5700
2023/12/14,410.0,415.0,407.0,408.0,4000
2023/12/15,408.0,415.0,408.0,415.0,1600
2023/12/18,415.0,422.0,404.0,407.0,6000
2023/12/19,407.0,412.0,406.0,412.0,1200
2023/12/20,401.0,410.0,401.0,401.0,11300
2023/12/21,401.0,410.0,400.0,404.0,5600
2023/12/22,393.0,409.0,390.0,400.0,13800
2023/12/25,400.0,405.0,400.0,401.0,8600
2023/12/26,400.0,408.0,400.0,404.0,18400
2023/12/27,403.0,420.0,400.0,408.0,13200
2023/12/28,408.0,488.0,408.0,488.0,714400
2023/12/29,504.0,558.0,443.0,451.0,6822400
2024/01/04,451.0,470.0,421.0,435.0,552300
2024/01/05,438.0,467.0,422.0,422.0,254500
2024/01/09,427.0,427.0,410.0,414.0,88200
2024/01/10,420.0,428.0,418.0,418.0,53200
2024/01/11,434.0,439.0,425.0,425.0,70700
2024/01/12,426.0,426.0,416.0,416.0,44300
2024/01/15,417.0,429.0,415.0,426.0,19800
2024/01/16,424.0,433.0,421.0,425.0,16500
2024/01/17,424.0,428.0,404.0,408.0,53700
2024/01/18,406.0,408.0,403.0,406.0,12800
2024/01/19,406.0,412.0,404.0,405.0,7800
2024/01/22,406.0,409.0,403.0,405.0,9200
2024/01/23,407.0,411.0,406.0,408.0,13600
2024/01/24,408.0,410.0,405.0,408.0,15700
2024/01/25,409.0,421.0,408.0,420.0,23600
2024/01/26,423.0,423.0,404.0,406.0,29500
2024/01/29,406.0,409.0,406.0,407.0,18400
2024/01/30,410.0,411.0,406.0,408.0,6600
2024/01/31,408.0,409.0,405.0,409.0,9000
2024/02/01,409.0,409.0,405.0,407.0,4200
2024/02/02,407.0,407.0,402.0,404.0,14300
2024/02/05,406.0,410.0,405.0,410.0,8400
2024/02/06,408.0,408.0,405.0,406.0,4900
2024/02/07,406.0,407.0,405.0,405.0,8900
2024/02/08,407.0,407.0,402.0,403.0,13300
2024/02/09,403.0,408.0,400.0,402.0,19700
2024/02/13,405.0,420.0,405.0,420.0,17400
2024/02/14,404.0,409.0,394.0,395.0,50300
2024/02/15,399.0,400.0,356.0,363.0,53100
2024/02/16,363.0,375.0,360.0,374.0,16600
2024/02/19,370.0,380.0,366.0,380.0,12200
2024/02/20,380.0,386.0,380.0,386.0,3100
2024/02/21,389.0,389.0,380.0,383.0,5600
2024/02/22,384.0,384.0,371.0,371.0,20800
2024/02/26,374.0,391.0,372.0,387.0,10400
2024/02/27,384.0,394.0,379.0,390.0,9100
2024/02/28,390.0,404.0,390.0,398.0,16200
2024/02/29,405.0,417.0,400.0,415.0,63000
2024/03/01,414.0,417.0,400.0,405.0,11300
2024/03/04,403.0,414.0,403.0,403.0,5300
2024/03/05,403.0,410.0,403.0,410.0,1900
2024/03/06,411.0,424.0,407.0,419.0,8000
2024/03/07,420.0,435.0,415.0,423.0,13300
2024/03/08,420.0,438.0,415.0,428.0,17000
2024/03/11,416.0,416.0,406.0,406.0,3800
2024/03/12,406.0,415.0,406.0,415.0,3000
2024/03/13,407.0,410.0,400.0,410.0,5200
2024/03/14,400.0,409.0,400.0,409.0,3700
2024/03/15,401.0,401.0,393.0,401.0,1700
2024/03/18,406.0,406.0,397.0,405.0,2600
2024/03/19,400.0,406.0,400.0,400.0,1200
2024/03/21,416.0,416.0,401.0,405.0,29700
2024/03/22,405.0,410.0,404.0,404.0,1300
2024/03/25,410.0,410.0,409.0,410.0,1100
2024/03/26,408.0,410.0,406.0,410.0,1400
2024/03/27,410,420,409,409,7500
2024/03/28,401,418,401,416,2600
2024/03/29,415,416,405,405,1800
2024/04/01,437,470,412,418,84500
2024/04/02,422,427,413,418,6100
2024/04/03,418,420,405,410,3600
2024/04/04,407,422,407,414,7300
2024/04/05,414,415,396,396,15300
2024/04/08,405,406,398,399,3300
2024/04/09,393,405,393,405,9500
2024/04/10,403,405,403,405,500
