"Symbol","Description","Category2","Category3","GICS Sector","Market cap","Dividend yield","Price to TTM earnings","Price to TTM sales","Price to book value","Action"
"AAPL","Apple Inc","Common stocks","Large cap","Information Technology","$2,354,878,707,540","0.61%","23.10","6.10","34.94","Analyze"
"MSFT","Microsoft Corp","Common stocks","Large cap","Information Technology","$1,901,934,277,960","0.99%","26.20","9.88","11.65","Analyze"
"GOOG","Alphabet Inc Class C","Common stocks","Large cap","Communication Services","$1,220,637,970,000","0.00%","8.28","4.52","2.43","Analyze"
"GOOGL","Alphabet Inc Class A","Common stocks","Large cap","Communication Services","$1,220,637,970,000","0.00%","8.09","4.52","2.37","Analyze"
"AMZN","Amazon.Com Inc.","Common stocks","Large cap","Consumer Discretionary","$984,867,694,151","0.00%","45.99","2.06","7.35","Analyze"
"BRK.B","Berkshire Hathaway Inc. Class B","Common stocks","Large cap","Financials","$701,454,855,762","0.00%","4.92","1.98","0.80","Analyze"
"TSLA","Tesla Inc","Common stocks","Large cap","Consumer Discretionary","$610,086,617,762","0.00%","72.64","9.81","17.90","Analyze"
"UNH","Unitedhealth Group Inc","Common stocks","Large cap","Health Care","$511,799,048,226","1.13%","28.75","1.73","6.89","Analyze"
"JNJ","Johnson & Johnson","Common stocks","Large cap","Health Care","$465,378,082,046","2.48%","23.57","4.90","6.26","Analyze"
"XOM","Exxon Mobil Corp","Common stocks","Large cap","Energy","$458,530,789,494","3.15%","17.69","1.49","2.70","Analyze"
"NVDA","Nvidia Corp","Common stocks","Large cap","Information Technology","$421,382,700,000","0.09%","43.75","15.66","16.03","Analyze"
"WMT","Walmart Stores Inc","Common stocks","Large cap","Consumer Staples","$413,704,146,358","1.45%","32.03","0.72","5.41","Analyze"
"V","Visa Inc Class A","Common stocks","Large cap","Information Technology","$410,219,962,341","0.72%","29.93","15.23","11.40","Analyze"
"JPM","JP Morgan Chase & Co","Common stocks","Large cap","Financials","$405,310,251,424","2.87%","9.87","3.37","1.40","Analyze"
"PG","Procter & Gamble","Common stocks","Large cap","Consumer Staples","$355,821,100,647","2.40%","24.39","4.47","7.83","Analyze"
"CVX","Chevron Corp","Common stocks","Large cap","Energy","$354,455,281,867","3.06%","17.21","2.00","2.41","Analyze"
"LLY","Eli Lilly","Common stocks","Large cap","Health Care","$352,592,015,132","1.05%","57.41","12.02","37.71","Analyze"
"MA","Mastercard Inc Class A","Common stocks","Large cap","Information Technology","$339,935,403,812","0.55%","36.26","17.09","48.92","Analyze"
"HD","Home Depot Inc","Common stocks","Large cap","Consumer Discretionary","$331,677,130,268","2.32%","20.27","2.17","-195.92","Analyze"
"META","Meta Platforms, Inc.","Common stocks","Large cap","Communication Services","$317,689,000,000","0.00%","0.00","0.00","0.00","Analyze"
"BAC","Bank of America Corp","Common stocks","Large cap","Financials","$303,649,060,246","2.23%","9.91","3.39","1.10","Analyze"
"ABBV","Abbvie Inc","Common stocks","Large cap","Health Care","$285,043,688,279","3.45%","22.91","5.03","17.55","Analyze"
"PFE","Pfizer Inc","Common stocks","Large cap","Health Care","$281,395,457,740","3.15%","11.48","3.05","3.48","Analyze"
"MRK","Merck & Co Inc","Common stocks","Large cap","Health Care","$279,197,804,657","2.48%","19.63","5.17","6.81","Analyze"
"KO","Coca-Cola","Common stocks","Large cap","Consumer Staples","$275,082,288,723","2.74%","26.76","6.86","11.10","Analyze"
"PEP","Pepsico Inc","Common stocks","Large cap","Consumer Staples","$255,578,835,362","2.38%","25.20","3.16","14.07","Analyze"
"COST","Costco Wholesale Corp","Common stocks","Large cap","Consumer Staples","$238,674,285,191","0.65%","43.29","1.14","12.29","Analyze"
"ORCL","Oracle Corp","Common stocks","Large cap","Information Technology","$223,862,689,134","1.53%","29.99","5.35","-26.08","Analyze"
"AVGO","Broadcom Inc.","Common stocks","Large cap","Information Technology","$223,167,952,300","2.95%","29.63","7.83","9.71","Analyze"
"TMO","Thermo Fisher Scientific Inc","Common stocks","Large cap","Health Care","$219,715,794,943","0.21%","29.12","5.34","5.41","Analyze"
"CSCO","Cisco Systems Inc","Common stocks","Large cap","Information Technology","$204,291,731,983","3.01%","17.02","3.96","5.06","Analyze"
"ACN","Accenture Plc Class A","Common stocks","Large cap","Information Technology","$200,053,197,543","1.33%","31.50","3.53","9.79","Analyze"
"MCD","Mcdonalds Corp","Common stocks","Large cap","Consumer Discretionary","$199,797,913,499","2.06%","28.15","8.41","-33.43","Analyze"
"DHR","Danaher Corp","Common stocks","Large cap","Health Care","$199,032,282,354","0.35%","31.76","6.57","4.31","Analyze"
"TMUS","T Mobile US Inc","Common stocks","Large cap","Communication Services","$188,439,585,136","0.00%","67.36","2.34","2.70","Analyze"
"ABT","Abbott Laboratories","Common stocks","Large cap","Health Care","$187,573,666,930","1.74%","24.36","4.21","5.32","Analyze"
"WFC","Wells Fargo","Common stocks","Large cap","Financials","$182,713,038,559","2.27%","9.26","2.36","1.00","Analyze"
"DIS","Walt Disney","Common stocks","Large cap","Communication Services","$178,422,664,635","0.00%","67.80","2.33","1.98","Analyze"
"NKE","Nike Inc Class B","Common stocks","Large cap","Consumer Discretionary","$171,116,400,000","1.11%","28.34","3.65","11.70","Analyze"
"BMY","Bristol Myers Squibb","Common stocks","Large cap","Health Care","$170,688,152,657","2.66%","27.51","3.63","5.45","Analyze"
"NEE","Nextera Energy Inc","Common stocks","Large cap","Utilities","$168,312,761,324","1.99%","115.78","10.37","4.70","Analyze"
"LIN","Linde Plc","Common stocks","Large cap","Materials","$166,348,824,927","1.35%","41.48","5.24","3.88","Analyze"
"UPS","United Parcel Service Inc Class B","Common stocks","Large cap","Industrials","$164,100,922,117","3.14%","15.29","1.66","10.67","Analyze"
"TXN","Texas Instrument Inc","Common stocks","Large cap","Information Technology","$163,780,391,148","2.57%","19.62","8.64","11.49","Analyze"
"VZ","Verizon Communications Inc","Common stocks","Large cap","Communication Services","$163,708,884,084","6.46%","7.52","1.22","1.92","Analyze"
"ADBE","Adobe Inc","Common stocks","Large cap","Information Technology","$160,357,957,000","0.00%","33.22","9.93","11.64","Analyze"
"CRM","Salesforce.Com Inc","Common stocks","Large cap","Information Technology","$160,250,000,000","0.00%","101.80","6.05","2.53","Analyze"
"CMCSA","Comcast A Corp","Common stocks","Large cap","Communication Services","$158,063,652,648","2.87%","10.99","1.32","1.67","Analyze"
"MS","Morgan Stanley","Common stocks","Large cap","Financials","$157,298,483,626","3.13%","11.13","2.83","1.53","Analyze"
"PM","Philip Morris International Inc","Common stocks","Large cap","Consumer Staples","$154,508,663,739","4.94%","17.64","4.89","-15.73","Analyze"
"COP","ConocoPhillips","Common stocks","Large cap","Energy","$153,902,237,362","3.57%","11.93","2.86","3.12","Analyze"
"AMGN","Amgen Inc","Common stocks","Large cap","Health Care","$152,817,084,598","2.68%","26.70","5.81","166.83","Analyze"
"SCHW","Charles Schwab Corporation","Common stocks","Large cap","Financials","$149,879,902,180","1.01%","28.27","8.11","3.09","Analyze"
"HON","Honeywell International Inc","Common stocks","Large cap","Industrials","$147,608,346,036","1.79%","28.12","4.30","8.04","Analyze"
"RTX","Raytheon Technologies Corporation","Common stocks","Large cap","Industrials","$145,124,399,708","2.17%","34.87","2.24","2.02","Analyze"
"QCOM","Qualcomm Inc","Common stocks","Large cap","Information Technology","$141,795,290,000","2.30%","12.74","3.61","10.67","Analyze"
"T","AT&T Inc.","Common stocks","Large cap","Communication Services","$137,466,400,000","6.21%","7.98","0.84","0.73","Analyze"
"NFLX","Netflix Inc","Common stocks","Large cap","Communication Services","$134,981,628,794","0.00%","27.97","4.44","7.98","Analyze"
"IBM","International Business Machines Co","Common stocks","Large cap","Information Technology","$134,624,415,451","4.35%","24.43","2.50","7.08","Analyze"
"CVS","CVS Health Corp","Common stocks","Large cap","Health Care","$133,866,948,995","2.14%","16.70","0.45","1.81","Analyze"
"UNP","Union Pacific Corp","Common stocks","Large cap","Industrials","$133,676,137,944","2.26%","19.49","5.90","11.16","Analyze"
"DE","Deere & Company","Common stocks","Large cap","Industrials","$133,102,456,830","0.98%","23.63","3.02","7.05","Analyze"
"LOW","Lowes Companies Inc","Common stocks","Large cap","Consumer Discretionary","$131,929,905,516","1.73%","15.88","1.38","-19.45","Analyze"
"GS","Goldman Sachs Group Inc","Common stocks","Large cap","Financials","$130,763,746,156","2.31%","7.12","2.45","1.13","Analyze"
"ELV","Elevance Health, Inc.","Common stocks","Large cap","Health Care","$127,901,169,846","0.93%","0.00","0.00","0.00","Analyze"
"LMT","Lockheed Martin Corp","Common stocks","Large cap","Industrials","$127,155,666,108","2.33%","20.41","1.93","12.67","Analyze"
"AMD","Advanced Micro Devices Inc","Common stocks","Large cap","Information Technology","$125,167,208,856","0.00%","36.89","6.63","2.26","Analyze"
"INTC","Intel Corporation Corp","Common stocks","Large cap","Information Technology","$124,098,890,000","4.77%","5.04","1.60","1.20","Analyze"
"CAT","Caterpillar Inc","Common stocks","Large cap","Industrials","$123,029,975,616","1.94%","18.88","2.34","7.19","Analyze"
"AXP","American Express","Common stocks","Large cap","Financials","$117,756,400,563","1.26%","15.07","2.62","5.26","Analyze"
"SPGI","S&P Global Inc","Common stocks","Large cap","Financials","$117,482,400,000","0.94%","34.46","13.55","3.04","Analyze"
"SBUX","Starbucks Corp","Common stocks","Large cap","Consumer Discretionary","$117,305,160,000","1.93%","26.92","3.74","-13.53","Analyze"
"INTU","Intuit Inc","Common stocks","Large cap","Information Technology","$114,887,343,982","0.69%","52.89","10.07","7.37","Analyze"
"GILD","Gilead Sciences Inc","Common stocks","Large cap","Health Care","$110,160,236,906","3.24%","24.40","4.01","5.53","Analyze"
"ADP","Automatic Data Processing Inc","Common stocks","Large cap","Information Technology","$109,572,606,904","1.56%","38.29","6.94","26.13","Analyze"
"PLD","Prologis, Inc","REITs","Large cap","Real Estate","$108,729,425,585","2.52%","29.08","22.51","3.16","Analyze"
"BLK","Blackrock Inc","Common stocks","Large cap","Financials","$107,540,033,132","2.61%","17.67","5.47","2.89","Analyze"
"BA","Boeing","Common stocks","Large cap","Industrials","$106,220,941,911","0.00%","-21.37","1.74","-6.78","Analyze"
"MDT","Medtronic Plc","Common stocks","Large cap","Health Care","$105,056,275,963","3.28%","21.44","3.31","2.00","Analyze"
"AMT","American Tower Corporation","REITs","Large cap","Real Estate","$103,015,239,664","2.55%","39.11","10.45","19.21","Analyze"
"CI","Cigna Corp","Common stocks","Large cap","Health Care","$100,554,501,026","1.32%","18.36","0.57","2.15","Analyze"
"ISRG","Intuitive Surgical Inc","Common stocks","Large cap","Health Care","$95,551,653,882","0.00%","46.89","16.18","7.90","Analyze"
"AMAT","Applied Material Inc","Common stocks","Large cap","Information Technology","$94,289,907,719","0.93%","13.96","3.80","8.14","Analyze"
"GE","General Electric","Common stocks","Large cap","Industrials","$93,936,679,996","0.37%","-18.71","1.27","2.39","Analyze"
"C","Citigroup Inc","Common stocks","Large cap","Financials","$93,763,047,146","4.15%","5.39","1.31","0.47","Analyze"
"TJX","TJX Companies, Inc.","Common stocks","Large cap","Consumer Discretionary","$92,942,289,528","1.42%","30.01","1.78","15.42","Analyze"
"MDLZ","Mondelez International Inc","Common stocks","Large cap","Consumer Staples","$92,329,467,326","2.10%","22.17","3.16","3.30","Analyze"
"CB","Chubb Ltd","Common stocks","Large cap","Financials","$91,140,889,668","1.48%","11.03","2.24","1.60","Analyze"
"PYPL","Paypal Holdings Inc","Common stocks","Large cap","Information Technology","$89,389,574,466","0.00%","25.00","3.46","4.35","Analyze"
"SYK","Stryker Corp","Common stocks","Large cap","Health Care","$88,510,976,094","1.18%","45.22","5.08","6.06","Analyze"
"ADI","Analog Devices Inc","Common stocks","Large cap","Information Technology","$87,553,065,217","1.72%","53.31","8.98","2.36","Analyze"
"MMC","Marsh & McLennan Inc","Common stocks","Large cap","Financials","$85,898,926,249","1.29%","26.56","4.23","7.85","Analyze"
"EL","Estee Lauder Inc Class A","Common stocks","Large cap","Consumer Staples","$84,153,451,000","1.04%","24.67","4.65","13.46","Analyze"
"NOW","Servicenow Inc","Common stocks","Large cap","Information Technology","$84,092,600,000","0.00%","384.92","13.44","21.51","Analyze"
"MO","Altria Group Inc","Common stocks","Large cap","Consumer Staples","$83,479,400,546","7.58%","28.02","3.97","-47.87","Analyze"
"EOG","EOG Resources Inc","Common stocks","Large cap","Energy","$83,368,191,167","2.06%","18.86","3.72","3.83","Analyze"
"NOC","Northrop Grumman Corp","Common stocks","Large cap","Industrials","$82,079,813,673","1.26%","14.16","2.32","6.14","Analyze"
"VRTX","Vertex Pharmaceuticals Inc","Common stocks","Large cap","Health Care","$81,217,175,413","0.00%","33.59","10.22","7.55","Analyze"
"BKNG","Booking Holdings Inc","Common stocks","Large cap","Consumer Discretionary","$80,660,592,877","0.00%","155.12","6.45","18.45","Analyze"
"REGN","Regeneron Pharmaceuticals Inc","Common stocks","Large cap","Health Care","$80,494,884,191","0.00%","10.27","4.88","4.09","Analyze"
"PGR","Progressive Corp","Common stocks","Large cap","Financials","$77,316,962,441","1.43%","35.59","1.61","4.50","Analyze"
"DUK","Duke Energy Corp","Common stocks","Large cap","Utilities","$76,952,372,806","3.93%","20.94","2.95","1.56","Analyze"
"TGT","Target Corp","Common stocks","Large cap","Consumer Discretionary","$76,896,077,594","2.34%","12.97","0.72","7.05","Analyze"
"SO","Southern Co","Common stocks","Large cap","Utilities","$73,637,830,086","3.93%","32.19","3.09","2.26","Analyze"
"SLB","Schlumberger Nv","Common stocks","Large cap","Energy","$73,097,579,101","0.92%","35.08","3.09","4.78","Analyze"
"ZTS","Zoetis Inc","Common stocks","Large cap","Health Care","$71,840,337,309","0.84%","35.22","9.10","15.67","Analyze"
"BDX","Becton Dickinson","Common stocks","Large cap","Health Care","$70,656,920,227","1.37%","38.84","3.53","2.90","Analyze"
"ITW","Illinois Tool Inc","Common stocks","Large cap","Industrials","$69,875,685,631","2.16%","26.02","4.71","19.51","Analyze"
"MMM","3M","Common stocks","Large cap","Industrials","$69,629,025,003","4.65%","12.44","1.97","4.66","Analyze"
"HUM","Humana Inc","Common stocks","Large cap","Health Care","$69,617,514,868","0.56%","22.87","0.81","4.53","Analyze"
"GD","General Dynamics Corp","Common stocks","Large cap","Industrials","$69,293,412,267","1.95%","21.12","1.80","3.84","Analyze"
"WM","Waste Management Inc","Common stocks","Large cap","Industrials","$68,845,218,541","1.50%","36.10","3.73","9.64","Analyze"
"APD","Air Products And Chemicals Inc","Common stocks","Large cap","Materials","$68,813,949,565","2.03%","30.98","6.04","4.96","Analyze"
"CSX","CSX Corp","Common stocks","Large cap","Industrials","$68,727,741,351","1.22%","17.47","5.24","5.21","Analyze"
"HCA","HCA Healthcare, Inc.","Common stocks","Large cap","Health Care","$67,914,205,674","0.90%","9.91","1.14","-33.16","Analyze"
"PNC","PNC Financial Services Group, Inc.","Common stocks","Large cap","Financials","$67,862,460,493","3.37%","13.22","3.45","1.35","Analyze"
"MRNA","Moderna, Inc.","Common stocks","Large cap","Health Care","$67,581,186,302","0.00%","4.76","2.99","4.08","Analyze"
"USB","US Bancorp","Common stocks","Large cap","Financials","$67,441,528,030","4.03%","9.77","2.95","1.32","Analyze"
"FISV","Fiserv Inc","Common stocks","Large cap","Information Technology","$66,271,530,011","0.00%","39.01","3.99","2.12","Analyze"
"ETN","Eaton Corporation, PLC","Common stocks","Large cap","Industrials","$65,004,065,000","1.97%","29.29","3.29","3.91","Analyze"
"BSX","Boston Scientific Corp","Common stocks","Large cap","Health Care","$64,840,731,736","0.00%","87.73","5.33","3.95","Analyze"
"CL","Colgate-Palmolive","Common stocks","Large cap","Consumer Staples","$64,712,396,991","2.38%","31.77","3.70","202.30","Analyze"
"SHW","Sherwin Williams","Common stocks","Large cap","Materials","$64,573,356,399","0.96%","35.72","3.18","29.18","Analyze"
"LRCX","Lam Research Corp","Common stocks","Large cap","Information Technology","$64,422,870,740","1.31%","14.19","3.85","10.69","Analyze"
"EQIX","Equinix, Inc.","REITs","Large cap","Real Estate","$63,911,449,125","1.78%","130.09","9.43","5.84","Analyze"
"AON","Aon Plc","Common stocks","Large cap","Financials","$63,768,623,110","0.71%","45.93","5.17","53.26","Analyze"
"CME","CME Group Inc Class A","Common stocks","Large cap","Financials","$63,491,458,794","2.19%","23.07","13.27","2.29","Analyze"
"OXY","Occidental Petroleum Corp","Common stocks","Large cap","Energy","$63,160,444,214","0.57%","9.56","2.18","2.51","Analyze"
"MU","Micron Technology Inc","Common stocks","Large cap","Information Technology","$62,675,268,868","0.74%","6.69","2.01","1.26","Analyze"
"TFC","Truist Financial Corporation","Common stocks","Large cap","Financials","$62,105,929,941","4.20%","10.18","2.81","0.94","Analyze"
"CCI","Crown Castle International Corp.","REITs","Large cap","Real Estate","$61,245,978,781","4.10%","42.06","9.28","7.64","Analyze"
"CHTR","Charter Communications Inc Class A","Common stocks","Large cap","Communication Services","$60,913,006,832","0.00%","12.06","1.16","5.05","Analyze"
"ICE","Intercontinental Exchange Inc","Common stocks","Large cap","Financials","$60,496,726,504","1.35%","15.04","6.58","2.70","Analyze"
"MET","Metlife Inc","Common stocks","Large cap","Financials","$60,179,295,924","2.55%","9.02","0.91","1.11","Analyze"
"NSC","Norfolk Southern Corp","Common stocks","Large cap","Industrials","$59,383,395,635","1.92%","19.56","5.20","4.41","Analyze"
"ATVI","Activision Blizzard Inc","Common stocks","Large cap","Communication Services","$57,875,142,340","0.64%","23.39","6.98","3.25","Analyze"
"DG","Dollar General Corp","Common stocks","Large cap","Consumer Discretionary","$57,674,179,671","0.81%","22.22","1.69","8.51","Analyze"
"GM","General Motors","Common stocks","Large cap","Consumer Discretionary","$57,623,461,681","0.22%","6.49","0.44","0.93","Analyze"
"PXD","Pioneer Natural Resource","Common stocks","Large cap","Energy","$57,099,900,870","10.80%","13.79","2.73","2.44","Analyze"
"MPC","Marathon Petroleum Corp","Common stocks","Large cap","Energy","$57,087,576,068","2.03%","5.21","0.42","2.35","Analyze"
"FCX","Freeport-McMoRan, Inc.","Common stocks","Large cap","Materials","$56,887,222,202","0.94%","11.06","2.31","3.80","Analyze"
"EMR","Emerson Electric","Common stocks","Large cap","Industrials","$56,638,378,000","2.13%","19.73","3.00","5.35","Analyze"
"KLAC","KLA-Tencor Corporation","Common stocks","Large cap","Information Technology","$55,716,560,260","1.19%","17.69","6.44","13.66","Analyze"
"F","Ford Motor Company","Common stocks","Large cap","Consumer Discretionary","$54,900,024,120","3.55%","4.81","0.40","1.24","Analyze"
"KDP","Keurig Dr Pepper Inc.","Common stocks","Large cap","Consumer Staples","$54,766,438,042","1.96%","22.76","4.26","2.15","Analyze"
"MCO","Moodys Corp","Common stocks","Large cap","Financials","$54,643,064,000","0.93%","28.38","8.90","23.42","Analyze"
"MCK","Mckesson Corp","Common stocks","Large cap","Health Care","$54,119,735,446","0.53%","48.33","0.21","-23.70","Analyze"
"ORLY","Oreilly Automotive Inc","Common stocks","Large cap","Consumer Discretionary","$54,099,378,096","0.00%","25.01","4.00","-163.40","Analyze"
"MNST","Monster Beverage Corp","Common stocks","Large cap","Consumer Staples","$53,666,547,930","0.00%","39.71","9.23","7.85","Analyze"
"ADM","Archer-Daniels-Midland Company","Common stocks","Large cap","Consumer Staples","$53,560,087,133","1.63%","16.32","0.60","2.11","Analyze"
"MAR","Marriott International Inc","Common stocks","Large cap","Consumer Discretionary","$52,339,825,010","0.60%","35.16","3.33","29.51","Analyze"
"PSA","Public Storage","REITs","Large cap","Real Estate","$52,333,214,088","2.58%","27.68","14.45","5.35","Analyze"
"SRE","Sempra Energy","Common stocks","Large cap","Utilities","$52,239,061,597","2.70%","52.99","3.89","9.10","Analyze"
"SNPS","Synopsys Inc","Common stocks","Large cap","Information Technology","$51,919,517,742","0.00%","54.25","10.91","9.83","Analyze"
"VLO","Valero Energy Corp","Common stocks","Large cap","Energy","$51,513,620,406","2.90%","20.06","0.39","2.70","Analyze"
"PSX","Phillips 66","Common stocks","Large cap","Energy","$51,252,237,178","3.48%","20.04","0.41","2.34","Analyze"
"D","Dominion Energy Inc","Common stocks","Large cap","Utilities","$50,921,447,778","4.26%","16.93","3.54","1.73","Analyze"
"GIS","General Mills Inc","Common stocks","Large cap","Consumer Staples","$50,628,590,945","2.44%","22.03","2.72","5.03","Analyze"
"AEP","American Electric Power Inc","Common stocks","Large cap","Utilities","$49,742,004,030","3.23%","18.93","2.91","902.76","Analyze"
"CNC","Centene Corp","Common stocks","Large cap","Health Care","$49,292,906,276","0.00%","9.74","0.37","1.79","Analyze"
"AZO","Autozone Inc","Common stocks","Large cap","Consumer Discretionary","$48,953,097,654","0.00%","20.12","3.14","-15.45","Analyze"
"HSY","Hershey Foods","Common stocks","Large cap","Consumer Staples","$48,228,663,600","1.64%","29.44","5.16","16.31","Analyze"
"KHC","Kraft Heinz","Common stocks","Large cap","Consumer Staples","$48,201,001,953","4.00%","39.35","1.88","0.97","Analyze"
"CTVA","Corteva, Inc.","Common stocks","Large cap","Materials","$47,985,282,720","0.86%","27.47","2.98","1.84","Analyze"
"APH","Amphenol Corp","Common stocks","Large cap","Information Technology","$47,863,453,852","0.99%","28.53","4.18","7.49","Analyze"
"EW","Edwards Lifesciences Corp","Common stocks","Large cap","Health Care","$47,760,623,548","0.00%","31.17","8.92","8.20","Analyze"
"FDX","FedEx Corporation","Common stocks","Large cap","Industrials","$47,417,250,498","2.07%","9.15","0.52","1.91","Analyze"
"CDNS","Cadence Design Systems Inc","Common stocks","Large cap","Information Technology","$47,193,324,640","0.00%","63.42","14.96","17.10","Analyze"
"CTAS","Cintas Corp","Common stocks","Large cap","Industrials","$46,891,599,255","0.91%","38.84","6.16","14.24","Analyze"
"AIG","American International Group Inc","Common stocks","Large cap","Financials","$46,889,468,431","2.01%","4.81","0.88","0.84","Analyze"
"ROP","Roper Technologies Inc","Common stocks","Large cap","Information Technology","$46,545,185,980","0.56%","16.35","7.64","3.48","Analyze"
"A","Agilent Technologies Inc","Common stocks","Large cap","Health Care","$45,880,367,539","0.54%","38.36","7.12","8.97","Analyze"
"KMB","Kimberly Clark Corp","Common stocks","Large cap","Consumer Staples","$45,774,052,709","3.36%","26.30","2.31","65.39","Analyze"
"JCI","Johnson Controls International Plc","Common stocks","Large cap","Industrials","$45,624,606,385","2.07%","37.20","1.85","2.78","Analyze"
"NXPI","NXP Semiconductors Nv","Common stocks","Large cap","Information Technology","$45,566,274,134","1.75%","29.61","3.92","6.91","Analyze"
"MSI","Motorola Solutions Inc","Common stocks","Large cap","Information Technology","$45,512,713,490","1.15%","35.84","5.49","-143.81","Analyze"
"CMG","Chipotle Mexican Grill Inc","Common stocks","Large cap","Consumer Discretionary","$45,101,140,380","0.00%","65.87","5.76","21.12","Analyze"
"DXCM","Dexcom Inc","Common stocks","Large cap","Health Care","$44,914,094,775","0.00%","212.16","17.46","20.52","Analyze"
"DVN","Devon Energy Corp","Common stocks","Large cap","Energy","$44,791,524,000","4.73%","12.45","3.21","4.80","Analyze"
"AFL","Aflac Inc","Common stocks","Large cap","Financials","$44,725,251,121","2.20%","11.00","2.10","1.51","Analyze"
"PAYX","Paychex Inc","Common stocks","Large cap","Information Technology","$44,700,486,790","2.42%","33.38","9.94","13.81","Analyze"
"TRV","Travelers Companies Inc","Common stocks","Large cap","Financials","$44,481,503,720","1.89%","11.29","1.26","1.74","Analyze"
"HES","Hess Corp","Common stocks","Large cap","Energy","$44,368,671,342","0.95%","61.05","5.62","7.01","Analyze"
"RSG","Republic Services Inc","Common stocks","Large cap","Industrials","$44,015,770,375","1.34%","32.80","3.77","4.92","Analyze"
"BIIB","Biogen Inc","Common stocks","Large cap","Health Care","$43,944,908,459","0.00%","30.31","4.06","3.91","Analyze"
"SYY","Sysco Corp","Common stocks","Large cap","Consumer Staples","$43,840,458,674","2.20%","43.61","0.67","33.00","Analyze"
"ADSK","Autodesk Inc","Common stocks","Large cap","Information Technology","$43,592,734,744","0.00%","87.71","9.94","51.34","Analyze"
"ENPH","Enphase Energy Inc","Common stocks","Large cap","Information Technology","$43,575,737,947","0.00%","263.18","28.64","131.66","Analyze"
"MCHP","Microchip Technology Inc","Common stocks","Large cap","Information Technology","$43,555,189,745","1.45%","33.51","6.39","7.31","Analyze"
"LHX","L3Harris Technologies, Inc.","Common stocks","Large cap","Industrials","$43,236,666,689","1.96%","23.16","2.49","2.23","Analyze"
"FIS","Fidelity National Information Services","Common stocks","Large cap","Information Technology","$43,067,480,916","2.46%","47.72","3.04","0.92","Analyze"
"KMI","Kinder Morgan Inc","Common stocks","Large cap","Energy","$42,976,828,398","5.64%","41.31","2.74","1.41","Analyze"
"ECL","Ecolab Inc","Common stocks","Large cap","Materials","$42,675,788,230","1.35%","39.05","3.25","6.11","Analyze"
"ANET","Arista Networks Inc","Common stocks","Large cap","Information Technology","$42,566,265,409","0.00%","45.79","13.48","10.28","Analyze"
"WMB","Williams Inc","Common stocks","Large cap","Energy","$42,276,392,032","4.77%","28.98","3.87","3.76","Analyze"
"AJG","Arthur J Gallagher","Common stocks","Large cap","Financials","$41,980,352,400","1.01%","43.71","4.96","4.68","Analyze"
"FTNT","Fortinet Inc","Common stocks","Large cap","Information Technology","$41,530,506,345","0.00%","65.09","11.58","190.77","Analyze"
"STZ","Constellation Brands Class A","Common stocks","Large cap","Consumer Staples","$41,491,124,560","1.22%","96.58","4.70","3.56","Analyze"
"EXC","Exelon Corp","Common stocks","Large cap","Utilities","$41,111,107,781","3.22%","15.86","1.29","1.75","Analyze"
"TT","Trane Technologies plc","Common stocks","Large cap","Industrials","$41,091,427,752","1.45%","28.33","2.84","6.84","Analyze"
"ROST","Ross Stores Inc","Common stocks","Large cap","Consumer Discretionary","$40,838,880,029","1.03%","36.02","2.15","10.09","Analyze"
"MSCI","MSCI Inc","Common stocks","Large cap","Financials","$40,605,155,440","0.90%","55.03","19.11","-47.42","Analyze"
"IQV","IQVIA Holdings, Inc.","Common stocks","Large cap","Health Care","$40,495,039,814","0.00%","37.97","2.89","6.92","Analyze"
"PRU","Prudential Financial Inc","Common stocks","Large cap","Financials","$40,187,160,000","4.37%","8.31","0.60","0.91","Analyze"
"TEL","TE Connectivity Ltd","Common stocks","Large cap","Information Technology","$40,009,118,606","1.72%","16.09","2.58","3.85","Analyze"
"O","Realty Income Corporation","REITs","Large cap","Real Estate","$39,554,594,013","4.61%","85.10","16.18","1.54","Analyze"
"COF","Capital One Financial Corp","Common stocks","Large cap","Financials","$39,406,560,573","2.29%","3.43","1.25","0.67","Analyze"
"SPG","Simon Property Group, Inc","REITs","Large cap","Real Estate","$39,050,405,277","5.52%","17.47","7.55","11.95","Analyze"
"HLT","Hilton Worldwide Holdings Inc","Common stocks","Large cap","Consumer Discretionary","$38,572,437,145","0.32%","52.72","5.81","-55.14","Analyze"
"NUE","Nucor Corp","Common stocks","Large cap","Materials","$38,468,729,315","1.32%","4.80","0.96","2.52","Analyze"
"XEL","Xcel Energy Inc","Common stocks","Large cap","Utilities","$38,427,789,389","2.71%","23.78","2.82","2.44","Analyze"
"PH","Parker-Hannifin Corp","Common stocks","Large cap","Industrials","$38,385,609,225","1.66%","22.57","2.46","4.26","Analyze"
"NEM","Newmont Corporation","Common stocks","Large cap","Materials","$37,678,777,561","4.56%","36.54","3.05","1.80","Analyze"
"BK","Bank Of New York Mellon Corp","Common stocks","Large cap","Financials","$37,100,049,659","3.06%","10.90","2.37","0.88","Analyze"
"CARR","Carrier Global Corporation","Common stocks","Large cap","Industrials","$37,063,110,345","1.35%","14.13","1.80","5.29","Analyze"
"PCAR","Paccar Inc","Common stocks","Large cap","Industrials","$36,832,063,868","1.31%","18.48","1.53","3.03","Analyze"
"YUM","Yum Brands Inc","Common stocks","Large cap","Consumer Discretionary","$36,241,960,840","1.76%","22.08","5.45","-4.29","Analyze"
"EA","Electronic Arts Inc","Common stocks","Large cap","Communication Services","$36,105,773,003","0.69%","45.76","5.16","4.74","Analyze"
"WBA","Walgreen Boots Alliance Inc","Common stocks","Large cap","Consumer Staples","$35,889,743,277","4.53%","5.68","0.26","1.34","Analyze"
"DOW","Dow Inc.","Common stocks","Large cap","Materials","$35,870,609,941","5.39%","5.21","0.61","1.90","Analyze"
"LVS","Las Vegas Sands Corp","Common stocks","Large cap","Consumer Discretionary","$35,793,547,618","0.00%","19.40","8.99","7.91","Analyze"
"ALL","Allstate Corp","Common stocks","Large cap","Financials","$35,511,561,959","2.51%","9.94","0.71","1.51","Analyze"
"CMI","Cummins Inc","Common stocks","Large cap","Industrials","$35,419,201,556","2.38%","18.06","1.46","4.17","Analyze"
"AMP","Ameriprise Finance Inc","Common stocks","Large cap","Financials","$35,325,189,208","1.46%","11.42","2.56","7.03","Analyze"
"IDXX","Idexx Laboratories Inc","Common stocks","Large cap","Health Care","$35,269,257,478","0.00%","48.01","10.77","55.13","Analyze"
"KR","Kroger","Common stocks","Large cap","Consumer Staples","$35,210,512,832","1.90%","31.82","0.00","3.67","Analyze"
"ABC","AmerisourceBergen Corp","Common stocks","Large cap","Health Care","$35,106,762,873","1.08%","20.44","0.15","64.15","Analyze"
"DD","DuPont de Nemours, Inc.","Common stocks","Large cap","Materials","$35,028,588,723","1.86%","22.41","2.20","1.34","Analyze"
"BF.B","Brown Forman Inc Class B","Common stocks","Large cap","Consumer Staples","$34,980,411,471","1.02%","28.44","9.33","9.11","Analyze"
"ED","Consolidated Edison Inc","Common stocks","Large cap","Utilities","$34,790,753,618","3.18%","22.71","2.47","1.70","Analyze"
"HAL","Halliburton","Common stocks","Large cap","Energy","$34,405,892,381","1.07%","22.20","2.13","4.90","Analyze"
"ILMN","Illumina Inc","Common stocks","Large cap","Health Care","$34,303,984,000","0.00%","49.01","7.37","3.15","Analyze"
"TDG","Transdigm Group Inc","Common stocks","Large cap","Industrials","$34,174,433,586","0.00%","38.86","6.81","-11.90","Analyze"
"RMD","Resmed Inc","Common stocks","Large cap","Health Care","$33,720,536,230","0.74%","43.10","9.81","10.25","Analyze"
"DLTR","Dollar Tree Inc","Common stocks","Large cap","Consumer Discretionary","$33,655,486,470","0.00%","23.70","1.28","4.36","Analyze"
"WELL","Welltower Inc","REITs","Large cap","Real Estate","$33,563,198,309","2.55%","102.73","6.63","1.87","Analyze"
"NDAQ","Nasdaq Inc","Common stocks","Large cap","Financials","$33,534,740,445","1.10%","28.71","5.81","5.60","Analyze"
"ODFL","Old Dominion Freight Line Inc","Common stocks","Large cap","Industrials","$33,432,843,633","0.30%","29.29","5.94","9.49","Analyze"
"CSGP","Costar Group Inc","Common stocks","Large cap","Industrials","$32,958,162,462","0.00%","107.12","16.46","5.69","Analyze"
"VICI","VICI Properties Inc","REITs","Large cap","Real Estate","$32,937,946,402","4.22%","33.13","21.22","2.12","Analyze"
"MTD","Mettler Toledo Inc","Common stocks","Large cap","Health Care","$32,762,648,387","0.00%","41.88","8.60","392.88","Analyze"
"AME","Ametek Inc","Common stocks","Large cap","Industrials","$32,707,379,221","0.60%","31.54","5.65","4.75","Analyze"
"ALB","Albemarle Corp","Common stocks","Large cap","Materials","$32,567,305,204","0.57%","114.62","8.98","5.54","Analyze"
"OTIS","Otis Worldwide Corporation","Common stocks","Large cap","Industrials","$32,531,206,753","1.41%","26.29","2.27","-6.53","Analyze"
"ON","ON Semiconductor Corp","Common stocks","Large cap","Information Technology","$32,518,252,690","0.00%","22.07","4.51","6.40","Analyze"
"KEYS","Keysight Technologies Inc","Common stocks","Large cap","Information Technology","$32,342,458,185","0.00%","31.72","6.29","8.59","Analyze"
"DLR","Digital Realty Trust, Inc","REITs","Large cap","Real Estate","$32,334,755,047","4.22%","23.41","7.24","1.81","Analyze"
"SBAC","SBA Communications Corporation","REITs","Large cap","Real Estate","$32,314,085,523","0.95%","74.25","13.58","-5.99","Analyze"
"CTSH","Cognizant Technology Solutions","Common stocks","Large cap","Information Technology","$31,971,052,285","1.73%","14.57","1.69","2.67","Analyze"
"PPG","PPG Industries Inc","Common stocks","Large cap","Materials","$31,780,404,217","1.78%","29.40","1.84","5.10","Analyze"
"CEG","Constellation Energy Corporation","Common stocks","Large cap","Utilities","$31,432,960,067","0.59%","-50.21","1.50","2.83","Analyze"
"WEC","WEC Energy Group Inc","Common stocks","Large cap","Utilities","$31,272,179,403","2.88%","22.63","3.67","2.72","Analyze"
"PCG","Pacific Gas & Electric Co.","Common stocks","Large cap","Utilities","$31,243,000,000","0.00%","122.86","1.44","1.45","Analyze"
"GWW","W.W. Grainger Inc","Common stocks","Large cap","Industrials","$30,472,177,345","1.12%","26.03","2.24","14.65","Analyze"
"ROK","Rockwell Automation Inc","Common stocks","Large cap","Industrials","$30,344,121,841","1.70%","47.51","4.14","11.64","Analyze"
"HPQ","HP Inc","Common stocks","Large cap","Information Technology","$30,218,402,423","3.29%","4.61","0.47","-12.90","Analyze"
"PEG","Public Service Enterprise Group Inc","Common stocks","Large cap","Utilities","$30,211,406,999","3.48%","-23.22","3.30","2.22","Analyze"
"OKE","Oneok Inc","Common stocks","Large cap","Energy","$29,910,151,107","5.46%","19.98","1.59","5.01","Analyze"
"DHI","D R Horton Inc","Common stocks","Large cap","Consumer Discretionary","$29,613,345,522","1.04%","5.93","0.97","1.78","Analyze"
"DFS","Discover Financial Services","Common stocks","Large cap","Financials","$29,606,743,895","2.11%","5.81","2.43","2.17","Analyze"
"FAST","Fastenal","Common stocks","Large cap","Industrials","$29,502,861,419","2.38%","29.98","4.68","9.39","Analyze"
"MTB","M&T Bank Corp","Common stocks","Large cap","Financials","$29,347,720,577","2.80%","17.21","4.93","1.63","Analyze"
"STT","State Street Corp","Common stocks","Large cap","Financials","$29,234,121,511","2.90%","10.83","2.58","1.10","Analyze"
"BKR","Baker Hughes Company Class A","Common stocks","Large cap","Energy","$29,062,588,272","2.49%","94.98","1.41","1.85","Analyze"
"APTV","Aptiv Plc","Common stocks","Large cap","Consumer Discretionary","$28,902,191,592","0.00%","88.79","1.83","3.39","Analyze"
"GLW","Corning Inc","Common stocks","Large cap","Information Technology","$28,867,542,263","3.13%","26.69","1.99","2.34","Analyze"
"ES","Eversource Energy","Common stocks","Large cap","Utilities","$28,860,752,490","3.00%","22.52","2.75","1.97","Analyze"
"VRSK","Verisk Analytics Inc","Common stocks","Large cap","Industrials","$28,730,030,295","0.66%","29.01","9.43","10.95","Analyze"
"BAX","Baxter International Inc","Common stocks","Large cap","Health Care","$28,497,946,506","2.00%","24.98","2.10","2.91","Analyze"
"GPN","Global Payments Inc","Common stocks","Large cap","Information Technology","$28,062,230,932","0.96%","27.62","3.23","1.11","Analyze"
"TROW","T Rowe Price Group Inc","Common stocks","Large cap","Financials","$27,912,989,667","3.69%","9.93","3.62","3.14","Analyze"
"IT","Gartner Inc","Common stocks","Large cap","Information Technology","$27,687,772,021","0.00%","35.11","5.66","238.28","Analyze"
"WBD","Warner Bros. Discovery, Inc. - Series A","Common stocks","Large cap","Communication Services","$27,683,714,571","0.00%","22.72","2.20","2.36","Analyze"
"LYB","Lyondellbasell Industries NV","Common stocks","Large cap","Materials","$27,681,333,049","5.43%","4.71","0.55","2.17","Analyze"
"AWK","American Water Works Inc","Common stocks","Large cap","Utilities","$27,594,198,158","1.68%","21.74","7.10","3.75","Analyze"
"IFF","International Flavors & Fragrances","Common stocks","Large cap","Materials","$26,980,105,612","2.97%","48.95","2.17","1.30","Analyze"
"WTW","Willis Towers Watson Public Limited Company","Common stocks","Large cap","Financials","$26,643,772,785","1.32%","6.16","2.92","2.43","Analyze"
"FANG","Diamondback Energy Inc","Common stocks","Large cap","Energy","$26,051,309,368","1.87%","9.50","3.25","2.04","Analyze"
"GPC","Genuine Parts","Common stocks","Large cap","Consumer Discretionary","$25,879,110,112","1.89%","28.16","1.31","7.26","Analyze"
"HRL","Hormel Foods Corp","Common stocks","Large cap","Consumer Staples","$25,671,287,388","2.19%","28.07","2.14","3.66","Analyze"
"CDW","CDW Corp","Common stocks","Large cap","Information Technology","$25,540,154,844","1.10%","25.38","1.16","28.60","Analyze"
"ARE","Alexandria Real Estate Equities, Inc","REITs","Large cap","Real Estate","$25,533,621,018","2.96%","63.06","11.35","1.50","Analyze"
"EIX","Edison International","Common stocks","Large cap","Utilities","$25,455,765,769","4.13%","42.84","1.60","1.59","Analyze"
"ZBH","Zimmer Biomet Holdings Inc","Common stocks","Large cap","Health Care","$25,203,272,279","0.80%","64.46","3.29","2.15","Analyze"
"CBRE","CBRE Group Inc","Common stocks","Large cap","Real Estate","$25,149,503,625","0.00%","12.80","0.86","2.97","Analyze"
"RJF","Raymond James Inc","Common stocks","Large cap","Financials","$25,140,933,671","1.16%","16.78","2.40","2.94","Analyze"
"LEN","Lennar Corporation Class A","Common stocks","Large cap","Consumer Discretionary","$25,019,166,155","1.70%","5.71","0.89","1.09","Analyze"
"TSCO","Tractor Supply","Common stocks","Large cap","Consumer Discretionary","$24,998,936,976","1.62%","24.74","1.93","13.86","Analyze"
"FITB","Fifth Third Bancorp","Common stocks","Large cap","Financials","$24,957,364,596","3.34%","10.17","3.54","1.24","Analyze"
"K","Kellogg","Common stocks","Large cap","Consumer Staples","$24,811,024,500","3.18%","16.15","1.74","6.56","Analyze"
"EBAY","Ebay Inc","Common stocks","Large cap","Consumer Discretionary","$24,658,428,913","1.92%","2.12","2.40","3.50","Analyze"
"EQR","Equity Residential","REITs","Large cap","Real Estate","$24,511,821,151","3.77%","18.19","9.73","2.26","Analyze"
"AVB","AvalonBay Communities, Inc","REITs","Large cap","Real Estate","$24,468,046,690","3.59%","21.68","10.38","2.22","Analyze"
"URI","United Rentals Inc","Common stocks","Large cap","Industrials","$24,467,973,047","0.00%","15.94","2.40","4.06","Analyze"
"VMC","Vulcan Materials","Common stocks","Large cap","Materials","$24,365,815,744","0.87%","40.45","4.04","3.72","Analyze"
"HIG","Hartford Financial Services Group","Common stocks","Large cap","Financials","$24,293,215,208","2.05%","9.45","1.13","1.51","Analyze"
"EFX","Equifax Inc","Common stocks","Large cap","Industrials","$24,166,659,582","0.79%","32.40","4.76","6.46","Analyze"
"WY","Weyerhaeuser Company","REITs","Large cap","Real Estate","$24,071,845,070","2.14%","8.81","2.23","2.32","Analyze"
"FTV","Fortive Corp","Common stocks","Large cap","Industrials","$23,899,747,490","0.41%","37.26","4.45","2.51","Analyze"
"TSN","Tyson Foods Inc Class A","Common stocks","Large cap","Consumer Staples","$23,836,276,400","2.78%","5.81","0.46","1.24","Analyze"
"ULTA","Ulta Beauty Inc","Common stocks","Large cap","Consumer Discretionary","$23,809,801,130","0.00%","24.55","2.76","15.76","Analyze"
"LUV","Southwest Airlines","Common stocks","Large cap","Industrials","$23,696,642,480","0.00%","40.75","1.29","2.28","Analyze"
"ETR","Entergy Corp","Common stocks","Large cap","Utilities","$23,659,045,148","3.44%","22.32","2.01","2.01","Analyze"
"FE","Firstenergy Corp","Common stocks","Large cap","Utilities","$23,579,101,762","3.73%","19.14","2.07","2.70","Analyze"
"AEE","Ameren Corp","Common stocks","Large cap","Utilities","$23,091,200,135","2.59%","22.73","3.44","2.34","Analyze"
"FRC","First Republic Bank","Common stocks","Large cap","Financials","$22,924,729,552","0.80%","16.04","4.39","1.42","Analyze"
"MKC","McCormick & Co  Non-voting","Common stocks","Large cap","Consumer Staples","$22,825,098,833","1.73%","28.71","3.59","4.67","Analyze"
"MLM","Martin Marietta Materials Inc","Common stocks","Large cap","Materials","$22,754,997,537","0.69%","34.46","4.02","3.53","Analyze"
"DAL","Delta Air Lines Inc","Common stocks","Large cap","Industrials","$22,678,832,364","0.00%","43.96","0.65","7.58","Analyze"
"DTE","DTE Energy","Common stocks","Large cap","Utilities","$22,476,008,376","3.02%","24.91","1.39","2.54","Analyze"
"HBAN","Huntington Bancshares Inc","Common stocks","Large cap","Financials","$22,333,526,267","3.94%","20.60","3.56","1.21","Analyze"
"ACGL","Arch Capital Group Ltd","Common stocks","Large cap","Financials","$22,159,093,048","0.00%","11.97","2.57","1.72","Analyze"
"ANSS","Ansys Inc","Common stocks","Large cap","Information Technology","$22,152,641,361","0.00%","48.88","11.25","5.08","Analyze"
"CTRA","Coterra Energy Inc.","Common stocks","Large cap","Energy","$22,006,123,766","2.09%","13.19","4.71","1.85","Analyze"
"PFG","Principal Financial Group Inc","Common stocks","Large cap","Financials","$21,943,152,607","2.82%","14.17","1.55","1.87","Analyze"
"IR","Ingersoll Rand Plc","Common stocks","Large cap","Industrials","$21,853,842,350","0.15%","18.05","4.08","2.44","Analyze"
"PPL","PPL Corporation","Common stocks","Large cap","Utilities","$21,736,115,744","3.56%","34.07","3.58","1.56","Analyze"
"RF","Regions Financial Corp","Common stocks","Large cap","Financials","$21,688,482,515","3.02%","9.30","3.73","1.27","Analyze"
"HPE","Hewlett Packard Enterprise","Common stocks","Large cap","Information Technology","$21,590,841,035","2.82%","5.82","0.77","1.07","Analyze"
"EXR","Extra Space Storage Inc","REITs","Large cap","Real Estate","$21,519,850,334","3.54%","25.88","12.95","6.68","Analyze"
"PWR","Quanta Services Inc","Common stocks","Large cap","Industrials","$21,418,025,261","0.19%","45.09","1.50","4.22","Analyze"
"LH","Laboratory Corporation Of America","Common stocks","Large cap","Health Care","$21,326,020,000","0.89%","10.20","1.34","2.00","Analyze"
"CF","CF Industries Holdings Inc","Common stocks","Large cap","Materials","$21,225,738,002","1.38%","12.33","2.54","5.08","Analyze"
"EPAM","Epam Systems Inc","Common stocks","Large cap","Information Technology","$21,198,321,407","0.00%","45.98","5.11","8.33","Analyze"
"VRSN","Verisign Inc","Common stocks","Large cap","Information Technology","$21,183,148,073","0.00%","27.38","15.68","-16.88","Analyze"
"CAH","Cardinal Health Inc","Common stocks","Large cap","Health Care","$21,015,287,029","2.43%","-21.76","0.12","-29.81","Analyze"
"CFG","Citizens Financial Group Inc","Common stocks","Large cap","Financials","$20,871,767,139","3.76%","10.27","3.15","0.94","Analyze"
"WAT","Waters Corp","Common stocks","Large cap","Health Care","$20,590,665,495","0.00%","29.25","7.18","54.97","Analyze"
"PAYC","Paycom Software Inc","Common stocks","Large cap","Information Technology","$20,352,907,128","0.00%","93.07","17.90","20.59","Analyze"
"WRB","WR Berkley Corp","Common stocks","Large cap","Financials","$20,250,518,510","0.49%","14.45","1.98","2.91","Analyze"
"XYL","Xylem Inc","Common stocks","Large cap","Industrials","$20,247,889,120","1.06%","48.60","3.89","6.41","Analyze"
"CHD","Church And Dwight Inc","Common stocks","Large cap","Consumer Staples","$19,965,501,569","1.28%","24.72","3.80","5.89","Analyze"
"INVH","Invitation Homes Inc","REITs","Large cap","Real Estate","$19,950,305,331","2.67%","66.77","9.71","1.94","Analyze"
"DOV","Dover Corp","Common stocks","Large cap","Industrials","$19,923,243,203","1.41%","17.90","2.46","4.62","Analyze"
"ROL","Rollins Inc","Common stocks","Large cap","Industrials","$19,915,585,312","1.06%","60.19","8.03","17.96","Analyze"
"TDY","Teledyne Technologies Inc","Common stocks","Large cap","Information Technology","$19,690,546,169","0.00%","34.71","3.84","2.54","Analyze"
"MOH","Molina Healthcare Inc","Common stocks","Large cap","Health Care","$19,667,368,000","0.00%","28.38","0.68","7.00","Analyze"
"CNP","Centerpoint Energy Inc","Common stocks","Large cap","Utilities","$19,584,853,480","2.23%","12.40","2.29","1.96","Analyze"
"MRO","Marathon Oil Corp","Common stocks","Large cap","Energy","$19,452,127,939","1.04%","8.88","3.15","1.68","Analyze"
"NTRS","Northern Trust Corporation","Common stocks","Large cap","Financials","$19,405,583,313","3.03%","12.94","3.04","1.71","Analyze"
"AES","AES Corp","Common stocks","Large cap","Utilities","$19,317,107,580","2.16%","-131.39","1.70","6.30","Analyze"
"BBY","Best Buy Inc","Common stocks","Large cap","Consumer Discretionary","$19,203,657,837","3.85%","11.32","0.00","6.45","Analyze"
"MAA","Mid-America Apartment Communities, Inc","REITs","Large cap","Real Estate","$19,039,850,728","2.80%","31.95","10.41","3.20","Analyze"
"JBHT","JB Hunt Transport Services Inc","Common stocks","Large cap","Industrials","$19,039,496,715","0.87%","22.20","1.46","5.85","Analyze"
"HOLX","Hologic Inc","Common stocks","Large cap","Health Care","$18,722,699,085","0.00%","12.06","3.47","3.91","Analyze"
"VTR","Ventas, Inc","REITs","Large cap","Real Estate","$18,598,877,842","3.81%","127.87","4.73","1.73","Analyze"
"STE","STERIS PLC","Common stocks","Large cap","Health Care","$18,541,115,290","0.97%","78.71","4.04","2.93","Analyze"
"EXPD","Expeditors International Of Washington","Common stocks","Large cap","Industrials","$18,469,368,727","1.15%","12.53","1.03","4.81","Analyze"
"AMCR","Amcor plc","Common stocks","Large cap","Materials","$18,389,391,517","3.85%","19.36","1.31","4.08","Analyze"
"WAB","Westinghouse Air Brake Technologies","Common stocks","Large cap","Industrials","$18,385,022,372","0.59%","31.54","2.32","1.86","Analyze"
"CLX","Clorox","Common stocks","Large cap","Consumer Staples","$18,341,150,074","3.11%","40.37","2.58","46.23","Analyze"
"CAG","Conagra Brands Inc","Common stocks","Large cap","Consumer Staples","$18,202,105,166","3.34%","17.45","1.60","2.07","Analyze"
"DRI","Darden Restaurants Inc","Common stocks","Large cap","Consumer Discretionary","$17,989,673,802","3.10%","17.15","1.93","7.80","Analyze"
"MPWR","Monolithic Power Systems Inc","Common stocks","Large cap","Information Technology","$17,929,966,320","0.74%","64.94","13.47","13.52","Analyze"
"IEX","IDEX Corp","Common stocks","Large cap","Industrials","$17,911,759,176","0.98%","38.09","6.25","6.26","Analyze"
"GRMN","Garmin Ltd","Common stocks","Large cap","Consumer Discretionary","$17,822,829,130","1.41%","16.84","3.51","2.89","Analyze"
"TTWO","Take Two Interactive Software Inc","Common stocks","Large cap","Communication Services","$17,736,803,427","0.00%","42.72","5.06","4.69","Analyze"
"CMS","CMS Energy Corp","Common stocks","Large cap","Utilities","$17,725,665,334","2.98%","17.84","2.31","1.82","Analyze"
"INCY","Incyte Corp","Common stocks","Large cap","Health Care","$17,724,620,536","0.00%","19.00","5.69","4.59","Analyze"
"PKI","Perkinelmer Inc","Common stocks","Large cap","Health Care","$17,637,271,695","0.20%","24.52","3.51","2.49","Analyze"
"BALL","Ball Corporation","Common stocks","Large cap","Materials","$17,604,642,012","1.42%","15.60","1.22","4.50","Analyze"
"FDS","Factset Research Systems Inc","Common stocks","Large cap","Financials","$17,574,326,981","0.75%","42.90","10.54","14.79","Analyze"
"KEY","Keycorp","Common stocks","Large cap","Financials","$17,549,158,044","4.13%","7.45","2.51","1.14","Analyze"
"BR","Broadridge Financial Solutions Inc","Common stocks","Large cap","Information Technology","$17,543,585,213","1.76%","31.98","3.18","9.68","Analyze"
"J","Jacobs Engineering Group Inc.","Common stocks","Large cap","Industrials","$17,485,555,712","0.68%","0.00","1.22","0.00","Analyze"
"MOS","Mosaic","Common stocks","Large cap","Materials","$17,466,677,044","1.09%","6.29","1.25","1.44","Analyze"
"CINF","Cincinnati Financial Corp","Common stocks","Large cap","Financials","$17,441,170,816","2.41%","8.50","2.02","1.44","Analyze"
"WST","West Pharmaceutical Services Inc","Common stocks","Large cap","Health Care","$17,372,580,729","0.31%","26.18","6.03","7.70","Analyze"
"DGX","Quest Diagnostics Inc","Common stocks","Large cap","Health Care","$17,291,533,963","1.70%","9.27","1.62","2.73","Analyze"
"FOX","Fox Corporation Class B","Common stocks","Large cap","Communication Services","$17,146,784,137","1.60%","6.36","1.24","0.65","Analyze"
"FOXA","Fox Corporation Class A","Common stocks","Large cap","Communication Services","$17,146,784,137","1.50%","8.52","1.24","0.88","Analyze"
"ABMD","Abiomed Inc","Common stocks","Large cap","Health Care","$17,034,998,403","0.00%","75.55","16.51","11.33","Analyze"
"ATO","Atmos Energy Corp","Common stocks","Large cap","Utilities","$16,936,249,235","2.30%","22.83","4.46","1.84","Analyze"
"SYF","Synchrony Financial","Common stocks","Large cap","Financials","$16,931,346,864","2.37%","3.96","1.08","1.18","Analyze"
"BRO","Brown & Brown Inc","Common stocks","Large cap","Financials","$16,877,220,850","0.71%","27.46","5.38","3.85","Analyze"
"TRGP","Targa Resources Corp","Common stocks","Large cap","Energy","$16,840,065,039","1.87%","-133.07","0.92","10.00","Analyze"
"LYV","Live Nation Entertainment Inc","Common stocks","Large cap","Communication Services","$16,798,819,996","0.00%","-37.87","2.16","-32.79","Analyze"
"SEDG","SolarEdge Technologies Inc","Common stocks","Large cap","Information Technology","$16,704,742,343","0.00%","96.00","7.55","8.22","Analyze"
"ETSY","Etsy Inc","Common stocks","Large cap","Consumer Discretionary","$16,602,169,660","0.00%","38.09","7.04","24.53","Analyze"
"FMC","FMC Corp","Common stocks","Large cap","Materials","$16,456,188,181","1.61%","21.52","3.16","5.35","Analyze"
"SJM","J.M. Smucker","Common stocks","Large cap","Consumer Staples","$16,410,896,703","2.57%","28.45","2.08","1.98","Analyze"
"OMC","Omnicom Group Inc","Common stocks","Large cap","Communication Services","$16,264,350,369","3.46%","13.12","1.14","5.43","Analyze"
"CPB","Campbell Soup","Common stocks","Large cap","Consumer Staples","$16,088,033,221","2.73%","17.44","1.94","4.79","Analyze"
"EXPE","Expedia Inc","Common stocks","Large cap","Consumer Discretionary","$16,086,623,580","0.00%","74.82","1.68","7.74","Analyze"
"CPRT","Copart Inc","Common stocks","Large cap","Industrials","$15,845,885,087","0.00%","14.64","4.71","3.64","Analyze"
"IRM","Iron Mountain Incorporated","REITs","Large cap","Real Estate","$15,794,493,630","4.47%","35.63","3.39","21.02","Analyze"
"AVY","Avery Dennison Corp","Common stocks","Large cap","Materials","$15,653,739,477","1.13%","21.46","1.80","8.09","Analyze"
"COO","Cooper Companies, Inc.","Common stocks","Large cap","Health Care","$15,610,602,355","0.02%","17.17","5.15","2.33","Analyze"
"HWM","Howmet Aerospace Inc.","Common stocks","Large cap","Industrials","$15,584,532,434","0.27%","51.76","3.06","4.60","Analyze"
"EQT","EQT Corporation","Common stocks","Large cap","Energy","$15,566,421,072","1.29%","-5.79","2.80","1.86","Analyze"
"ALGN","Align Technology Inc","Common stocks","Large cap","Health Care","$15,361,574,948","0.00%","21.76","3.81","4.19","Analyze"
"SWKS","Skyworks Solutions Inc","Common stocks","Large cap","Information Technology","$15,314,600,940","2.45%","11.10","3.02","2.93","Analyze"
"RCL","Royal Caribbean Cruises Ltd","Common stocks","Large cap","Consumer Discretionary","$15,293,058,159","0.00%","-2.93","6.00","3.90","Analyze"
"APA","Apache Corp","Common stocks","Large cap","Energy","$15,062,827,877","1.33%","6.05","1.72","16.16","Analyze"
"GEN","Gen Digital Inc.","Common stocks","Large cap","Information Technology","$14,955,222,868","2.17%","0.00","0.00","0.00","Analyze"
"LDOS","Leidos Holdings Inc","Common stocks","Large cap","Industrials","$14,944,269,267","1.31%","40.06","0.00","3.79","Analyze"
"PTC","PTC Inc","Common stocks","Large cap","Information Technology","$14,943,609,176","0.00%","31.21","7.95","7.19","Analyze"
"AKAM","Akamai Technologies Inc","Common stocks","Large cap","Information Technology","$14,916,003,819","0.00%","24.25","4.23","3.47","Analyze"
"TXT","Textron Inc","Common stocks","Large cap","Industrials","$14,902,107,671","0.11%","19.83","1.19","2.17","Analyze"
"NVR","NVR, Inc.","Common stocks","Large cap","Consumer Discretionary","$14,825,751,752","0.00%","10.71","1.59","5.56","Analyze"
"TRMB","Trimble Inc","Common stocks","Large cap","Information Technology","$14,735,825,287","0.00%","30.86","3.91","3.78","Analyze"
"NTAP","NetApp Inc","Common stocks","Large cap","Information Technology","$14,696,095,315","2.93%","14.62","2.37","16.78","Analyze"
"TER","Teradyne Inc","Common stocks","Large cap","Information Technology","$14,555,411,844","0.47%","14.71","3.96","5.81","Analyze"
"LKQ","LKQ Corp","Common stocks","Large cap","Consumer Discretionary","$14,515,616,935","1.87%","13.22","1.09","2.51","Analyze"
"FLT","Fleetcor Technologies Inc","Common stocks","Large cap","Information Technology","$14,470,213,424","0.00%","16.58","4.80","4.98","Analyze"
"UAL","United Continental Holdings Inc","Common stocks","Large cap","Industrials","$14,432,313,311","0.00%","-7.23","0.50","3.96","Analyze"
"TYL","Tyler Technologies Inc","Common stocks","Large cap","Information Technology","$14,271,658,641","0.00%","89.18","8.14","6.14","Analyze"
"ESS","Essex Property Trust, Inc","REITs","Large cap","Real Estate","$14,270,445,089","3.89%","36.20","9.73","2.39","Analyze"
"KIM","Kimco Realty Corporation","REITs","Large cap","Real Estate","$14,175,122,201","3.36%","15.28","9.39","1.40","Analyze"
"MGM","MGM Resorts International","Common stocks","Large cap","Consumer Discretionary","$14,154,988,111","0.03%","9.35","1.30","2.83","Analyze"
"LNT","Alliant Energy Corp","Common stocks","Large cap","Utilities","$14,132,529,029","3.00%","20.78","3.68","2.33","Analyze"
"MTCH","Match Group Inc","Common stocks","Large cap","Communication Services","$14,121,716,719","0.00%","49.13","4.53","-113.96","Analyze"
"PEAK","Healthpeak Properties, Inc.","REITs","Large cap","Real Estate","$14,115,804,181","4.49%","32.80","7.28","2.19","Analyze"
"ZBRA","Zebra Technologies Corp","Common stocks","Large cap","Information Technology","$13,954,501,803","0.00%","17.05","2.44","4.78","Analyze"
"JKHY","Jack Henry & Associates, Inc.","Common stocks","Large cap","Information Technology","$13,812,975,139","1.27%","38.44","7.23","10.40","Analyze"
"L","Loews Corp","Common stocks","Large cap","Financials","$13,806,383,074","0.43%","8.33","1.02","0.83","Analyze"
"DPZ","Dominos Pizza Inc","Common stocks","Large cap","Consumer Discretionary","$13,760,800,599","1.09%","28.22","3.14","-3.25","Analyze"
"SIVB","SVB Financial Group","Common stocks","Large cap","Financials","$13,699,153,861","0.00%","7.89","2.44","0.84","Analyze"
"EVRG","Evergy Inc","Common stocks","Large cap","Utilities","$13,590,849,356","3.88%","16.67","2.61","1.46","Analyze"
"HST","Host Hotels & Resorts, Inc","REITs","Large cap","Real Estate","$13,542,625,793","1.10%","42.72","0.00","2.08","Analyze"
"NDSN","Nordson Corp","Common stocks","Large cap","Industrials","$13,529,757,497","0.92%","27.62","5.53","6.19","Analyze"
"UDR","UDR, Inc","REITs","Large cap","Real Estate","$13,500,217,617","3.58%","85.12","10.03","3.92","Analyze"
"CBOE","Cboe Global Markets, Inc.","Common stocks","Large cap","Financials","$13,455,463,077","1.54%","26.84","3.89","3.76","Analyze"
"BEN","Franklin Resources Inc","Common stocks","Large cap","Financials","$13,393,165,503","4.25%","7.22","1.55","1.18","Analyze"
"VTRS","Viatris Inc.","Common stocks","Large cap","Health Care","$13,375,911,116","4.28%","81.28","0.76","0.67","Analyze"
"IPG","Interpublic Group Of Companies Inc","Common stocks","Large cap","Communication Services","$13,349,709,310","3.33%","13.12","1.27","3.84","Analyze"
"RE","Everest Re Group Ltd","Common stocks","Large cap","Financials","$13,235,431,590","1.91%","9.69","1.15","1.36","Analyze"
"IP","International Paper","Common stocks","Large cap","Materials","$13,202,470,734","4.90%","7.54","0.69","1.50","Analyze"
"PARA","Paramount Global - Class B","Common stocks","Large cap","Communication Services","$13,149,395,232","4.74%","3.02","0.46","0.54","Analyze"
"POOL","Pool Corp","Common stocks","Large cap","Consumer Discretionary","$12,863,664,075","1.15%","18.06","2.28","11.24","Analyze"
"CPT","Camden Property Trust","REITs","Large cap","Real Estate","$12,818,518,452","3.00%","36.03","10.80","3.02","Analyze"
"SNA","Snap On Inc","Common stocks","Large cap","Industrials","$12,789,006,143","2.42%","15.23","2.74","2.99","Analyze"
"VFC","VF Corp","Common stocks","Large cap","Consumer Discretionary","$12,752,738,910","6.00%","9.32","1.10","3.56","Analyze"
"PKG","Packaging Corp Of America","Common stocks","Large cap","Materials","$12,574,510,487","3.27%","13.67","1.56","3.33","Analyze"
"LW","Lamb Weston Holdings Inc","Common stocks","Large cap","Consumer Staples","$12,498,931,628","1.12%","53.08","3.16","31.72","Analyze"
"BIO","Bio Rad Laboratories Inc Class A","Common stocks","Large cap","Health Care","$12,317,362,991","0.00%","-102.31","4.25","1.02","Analyze"
"SWK","Stanley Black & Decker Inc","Common stocks","Large cap","Industrials","$12,089,802,752","3.84%","9.00","0.76","1.30","Analyze"
"CHRW","C.H. Robinson Worldwide, Inc.","Common stocks","Large cap","Industrials","$11,796,842,883","2.18%","12.53","0.47","5.63","Analyze"
"WDC","Western Digital Corp","Common stocks","Large cap","Information Technology","$11,673,648,341","0.00%","6.25","0.61","0.95","Analyze"
"GL","Globe Life Inc.","Common stocks","Large cap","Financials","$11,668,536,671","0.68%","16.03","2.26","1.70","Analyze"
"CE","Celanese Corporation","Common stocks","Large cap","Materials","$11,634,332,018","2.53%","5.63","1.25","2.53","Analyze"
"CRL","Charles River Laboratories International","Common stocks","Large cap","Health Care","$11,629,334,402","0.00%","27.24","3.20","4.41","Analyze"
"MAS","Masco Corp","Common stocks","Large cap","Industrials","$11,452,368,866","2.19%","21.26","1.33","-31.46","Analyze"
"REG","Regency Centers Corporation","REITs","Large cap","Real Estate","$11,367,682,290","3.70%","14.22","9.51","1.83","Analyze"
"NI","Nisource Inc","Common stocks","Large cap","Utilities","$11,347,393,515","3.32%","17.05","2.17","1.56","Analyze"
"BXP","Boston Properties, Inc","REITs","Large cap","Real Estate","$11,298,879,641","5.35%","20.51","3.86","1.92","Analyze"
"NWS","News Corp Class B","Common stocks","Large cap","Communication Services","$11,081,255,205","1.03%","7.53","1.09","0.45","Analyze"
"NWSA","News Corp Class A","Common stocks","Large cap","Communication Services","$11,081,255,205","1.04%","14.68","1.09","0.87","Analyze"
"STX","Seagate Technology Plc","Common stocks","Large cap","Information Technology","$11,058,017,200","5.21%","8.32","0.95","26.43","Analyze"
"CCL","Carnival Corp","Common stocks","Large cap","Consumer Discretionary","$11,049,178,574","0.00%","-1.18","3.15","1.08","Analyze"
"TFX","Teleflex Inc","Common stocks","Large cap","Health Care","$10,981,734,562","0.58%","23.55","3.90","3.03","Analyze"
"HSIC","Henry Schein Inc","Common stocks","Large cap","Health Care","$10,968,509,769","0.00%","16.97","0.87","3.05","Analyze"
"KMX","Carmax Inc","Common stocks","Large cap","Consumer Discretionary","$10,959,954,456","0.00%","9.48","0.34","2.09","Analyze"
"CZR","Caesars Entertainment Corp","Common stocks","Large cap","Consumer Discretionary","$10,902,103,795","0.00%","-18.29","1.08","2.88","Analyze"
"JNPR","Juniper Networks Inc","Common stocks","Large cap","Information Technology","$10,788,225,585","2.51%","31.47","2.23","2.50","Analyze"
"EMN","Eastman Chemical","Common stocks","Large cap","Materials","$10,393,565,330","3.47%","12.68","0.96","1.76","Analyze"
"CDAY","Ceridian HCM Holding Inc.","Common stocks","Large cap","Information Technology","$10,378,208,475","0.00%","-129.22","9.58","5.05","Analyze"
"PHM","Pultegroup Inc","Common stocks","Large cap","Consumer Discretionary","$10,201,767,241","1.33%","4.92","0.71","1.39","Analyze"
"MKTX","Marketaxess Holdings Inc","Common stocks","Large cap","Financials","$10,083,657,618","1.04%","42.47","14.62","10.05","Analyze"
"QRVO","Qorvo, Inc.","Common stocks","Large cap","Information Technology","$10,062,905,195","0.00%","9.54","2.17","2.17","Analyze"
"ALLE","Allegion PLC","Common stocks","Mid cap","Industrials","$9,983,564,020","1.39%","21.41","3.45","13.51","Analyze"
"BWA","BorgWarner Inc","Common stocks","Mid cap","Consumer Discretionary","$9,953,883,564","1.59%","14.86","0.68","1.42","Analyze"
"NRG","NRG Energy Inc","Common stocks","Mid cap","Utilities","$9,779,809,502","3.26%","2.42","0.37","1.93","Analyze"
"BBWI","Bath & Body Works, Inc.","Common stocks","Mid cap","Consumer Discretionary","$9,705,908,430","1.87%","8.15","1.02","-6.51","Analyze"
"WRK","Westrock","Common stocks","Mid cap","Materials","$9,649,274,387","2.68%","12.16","0.48","0.84","Analyze"
"UHS","Universal Health Services Inc.","Common stocks","Mid cap","Health Care","$9,548,157,474","0.61%","10.16","0.74","1.62","Analyze"
"WYNN","Wynn Resorts Ltd","Common stocks","Mid cap","Consumer Discretionary","$9,479,815,023","0.00%","-14.47","2.38","-28.25","Analyze"
"CMA","Comerica Inc","Common stocks","Mid cap","Financials","$9,394,526,539","3.74%","9.58","3.41","1.33","Analyze"
"AAL","American Airlines Group Inc","Common stocks","Mid cap","Industrials","$9,378,069,799","0.00%","-3.94","0.27","-1.05","Analyze"
"FFIV","F5 Networks Inc","Common stocks","Mid cap","Information Technology","$9,333,590,792","0.00%","26.66","3.52","3.89","Analyze"
"AOS","A O Smith Corp","Common stocks","Mid cap","Industrials","$9,279,585,510","1.86%","18.15","2.48","5.11","Analyze"
"HII","Huntington Ingalls Industries Inc","Common stocks","Mid cap","Industrials","$9,256,024,211","2.04%","17.19","0.94","3.27","Analyze"
"TPR","Tapestry","Common stocks","Mid cap","Consumer Discretionary","$9,101,108,339","2.75%","10.69","1.36","3.66","Analyze"
"AAP","Advance Auto Parts Inc","Common stocks","Mid cap","Consumer Discretionary","$9,077,252,907","3.60%","14.76","0.83","2.91","Analyze"
"FRT","Federal Realty Investment Trust","REITs","Mid cap","Real Estate","$9,022,373,117","2.88%","34.04","9.12","3.36","Analyze"
"CTLT","Catalent Inc","Common stocks","Mid cap","Health Care","$9,021,574,717","0.00%","19.38","1.92","2.03","Analyze"
"PNW","Pinnacle West Corp","Common stocks","Mid cap","Utilities","$8,861,140,699","4.28%","14.67","2.28","1.48","Analyze"
"IVZ","Invesco Ltd","Common stocks","Mid cap","Financials","$8,690,933,859","3.73%","6.68","1.27","0.58","Analyze"
"HAS","Hasbro Inc","Common stocks","Mid cap","Consumer Discretionary","$8,676,304,016","4.36%","23.22","1.34","2.85","Analyze"
"RHI","Robert Half","Common stocks","Mid cap","Industrials","$8,547,514,666","2.17%","12.97","1.24","5.86","Analyze"
"DISH","Dish Network Corp Class A","Common stocks","Mid cap","Communication Services","$8,517,834,462","0.00%","3.85","0.48","0.53","Analyze"
"SBNY","Signature Bank","Common stocks","Mid cap","Financials","$8,458,245,887","1.60%","8.13","3.90","1.02","Analyze"
"FBHS","Fortune Brands Home And Security","Common stocks","Mid cap","Industrials","$8,379,366,845","1.70%","9.56","1.07","2.88","Analyze"
"WHR","Whirlpool Corp","Common stocks","Mid cap","Consumer Discretionary","$7,982,713,212","4.70%","4.88","0.37","1.77","Analyze"
"ZION","Zions Bancorporation","Common stocks","Mid cap","Financials","$7,753,192,012","3.02%","7.93","2.81","1.24","Analyze"
"SEE","Sealed Air Corp","Common stocks","Mid cap","Materials","$7,700,119,896","1.50%","13.99","1.35","40.12","Analyze"
"RL","Ralph Lauren Corp Class A","Common stocks","Mid cap","Consumer Discretionary","$7,667,273,600","2.51%","15.39","1.28","2.83","Analyze"
"PNR","Pentair","Common stocks","Mid cap","Industrials","$7,529,089,663","1.82%","14.16","1.93","3.06","Analyze"
"NCLH","Norwegian Cruise Line Holdings Ltd","Common stocks","Mid cap","Consumer Discretionary","$6,927,751,884","0.00%","-1.70","5.94","4.65","Analyze"
"DXC","DXC Technology Company","Common stocks","Mid cap","Information Technology","$6,826,035,166","0.00%","-11.10","0.41","1.42","Analyze"
"AIZ","Assurant Inc","Common stocks","Mid cap","Financials","$6,774,045,826","2.13%","4.99","0.66","1.35","Analyze"
"GNRC","Generac Holdings Inc","Common stocks","Mid cap","Industrials","$6,685,367,539","0.00%","12.67","1.64","2.83","Analyze"
"DVA","Davita Inc","Common stocks","Mid cap","Health Care","$6,643,073,000","0.00%","7.31","0.57","7.82","Analyze"
"OGN","Organon & Co.","Common stocks","Mid cap","Health Care","$6,618,561,922","4.19%","5.17","1.04","-5.38","Analyze"
"LNC","Lincoln National Corp","Common stocks","Mid cap","Financials","$6,589,250,168","4.56%","5.10","0.34","0.45","Analyze"
"XRAY","Dentsply Sirona Inc","Common stocks","Mid cap","Health Care","$6,503,233,670","1.59%","18.31","1.55","1.38","Analyze"
"MHK","Mohawk Industries Inc","Common stocks","Mid cap","Consumer Discretionary","$6,437,903,463","0.00%","6.28","0.56","0.79","Analyze"
"ALK","Alaska Air Group Inc","Common stocks","Mid cap","Industrials","$6,017,186,703","0.00%","12.90","0.85","1.65","Analyze"
"LUMN","CenturyLink, Inc.","Common stocks","Mid cap","Communication Services","$5,659,168,151","13.41%","2.68","0.29","0.47","Analyze"
"NWL","Newell Brands Inc","Common stocks","Mid cap","Consumer Discretionary","$5,364,392,000","6.94%","7.41","0.50","1.33","Analyze"
"VNO","Vornado Realty Trust","REITs","Mid cap","Real Estate","$4,851,043,938","8.13%","31.84","2.94","0.77","Analyze"
"TECH","Bio-Techne Corp","Common stocks","Mid cap","Health Care","$3,335,210,216","0.38%","15.03","3.10","1.98","Analyze"
"TAP","Molson Coors Brewing Class B","Common stocks","Small cap","Consumer Staples","$809,197,883","2.66%","0.57","0.06","0.05","Analyze"
